STRUCTURE,STRUCTURE_ID,STRUCTURE_NAME,ACTION,REF_AREA,Reference area,FREQ,Frequency of observation,MEASURE,Measure,UNIT_MEASURE,Unit of measure,GEO_AREA,Geographical area,AGE,Age,SEX,Sex,EDUCATION_LEVEL,Education level,INCOME_GROUP,Income group,EMP_STATUS,Employment status,TIME_PERIOD,Time period,OBS_VALUE,Observation value,OBS_STATUS,Observation status,OBS_STATUS_2,Observation status 2,OBS_STATUS_3,Observation status 3,UNIT_MULT,Unit multiplier,TIME_HORIZON_USE,Time horizon,DECIMALS,Decimals,BREAKDOWN_V7_HH,V7 Breakdowns households
DATAFLOW,OECD.STI.DEP:DSD_ICT_HH_IND@DF_IND(1.0),ICT Access and Usage by Individuals,I,IRL,Ireland,A,Annual,C5B_I,Individuals using the Internet - last 3 m,PT_POP,Percentage of population,_Z,Not applicable,Y16T74,From 16 to 74 years,_T,Total,_T,Total,_T,Total,STUD,Students,2017,,96.0606,,A,Normal value,,,,,0,Units,,,2,Two,STUD,Students aged 16-74
DATAFLOW,OECD.STI.DEP:DSD_ICT_HH_IND@DF_IND(1.0),ICT Access and Usage by Individuals,I,LUX,Luxembourg,A,Annual,C5B_I,Individuals using the Internet - last 3 m,PT_POP,Percentage of population,_Z,Not applicable,Y16T74,From 16 to 74 years,_T,Total,_T,Total,_T,Total,STUD,Students,2019,,98.615,,A,Normal value,,,,,0,Units,,,2,Two,STUD,Students aged 16-74
DATAFLOW,OECD.STI.DEP:DSD_ICT_HH_IND@DF_IND(1.0),ICT Access and Usage by Individuals,I,LUX,Luxembourg,A,Annual,C5B_I,Individuals using the Internet - last 3 m,PT_POP,Percentage of population,_Z,Not applicable,Y16T74,From 16 to 74 years,_T,Total,_T,Total,_T,Total,STUD,Students,2020,,100,,A,Normal value,,,,,0,Units,,,2,Two,STUD,Students aged 16-74
DATAFLOW,OECD.STI.DEP:DSD_ICT_HH_IND@DF_IND(1.0),ICT Access and Usage by Individuals,I,ITA,Italy,A,Annual,C5B_I,Individuals using the Internet - last 3 m,PT_POP,Percentage of population,_Z,Not applicable,Y16T74,From 16 to 74 years,_T,Total,_T,Total,_T,Total,STUD,Students,2018,,93.4665,,A,Normal value,,,,,0,Units,,,2,Two,STUD,Students aged 16-74
DATAFLOW,OECD.STI.DEP:DSD_ICT_HH_IND@DF_IND(1.0),ICT Access and Usage by Individuals,I,ITA,Italy,A,Annual,C5B_I,Individuals using the Internet - last 3 m,PT_POP,Percentage of population,_Z,Not applicable,Y16T74,From 16 to 74 years,_T,Total,_T,Total,_T,Total,STUD,Students,2019,,94.367,,A,Normal value,,,,,0,Units,,,2,Two,STUD,Students aged 16-74
DATAFLOW,OECD.STI.DEP:DSD_ICT_HH_IND@DF_IND(1.0),ICT Access and Usage by Individuals,I,LUX,Luxembourg,A,Annual,C5B_I,Individuals using the Internet - last 3 m,PT_POP,Percentage of population,_Z,Not applicable,Y16T74,From 16 to 74 years,_T,Total,_T,Total,_T,Total,STUD,Students,2013,,100,,A,Normal value,,,,,0,Units,,,2,Two,STUD,Students aged 16-74
DATAFLOW,OECD.STI.DEP:DSD_ICT_HH_IND@DF_IND(1.0),ICT Access and Usage by Individuals,I,LUX,Luxembourg,A,Annual,C5B_I,Individuals using the Internet - last 3 m,PT_POP,Percentage of population,_Z,Not applicable,Y16T74,From 16 to 74 years,_T,Total,_T,Total,_T,Total,STUD,Students,2014,,99.5645,,A,Normal value,,,,,0,Units,,,2,Two,STUD,Students aged 16-74
DATAFLOW,OECD.STI.DEP:DSD_ICT_HH_IND@DF_IND(1.0),ICT Access and Usage by Individuals,I,LUX,Luxembourg,A,Annual,C5B_I,Individuals using the Internet - last 3 m,PT_POP,Percentage of population,_Z,Not applicable,Y16T74,From 16 to 74 years,_T,Total,_T,Total,_T,Total,STUD,Students,2015,,100,,A,Normal value,,,,,0,Units,,,2,Two,STUD,Students aged 16-74
DATAFLOW,OECD.STI.DEP:DSD_ICT_HH_IND@DF_IND(1.0),ICT Access and Usage by Individuals,I,LUX,Luxembourg,A,Annual,C5B_I,Individuals using the Internet - last 3 m,PT_POP,Percentage of population,_Z,Not applicable,Y16T74,From 16 to 74 years,_T,Total,_T,Total,_T,Total,STUD,Students,2016,,100,,A,Normal value,,,,,0,Units,,,2,Two,STUD,Students aged 16-74
DATAFLOW,OECD.STI.DEP:DSD_ICT_HH_IND@DF_IND(1.0),ICT Access and Usage by Individuals,I,PRT,Portugal,A,Annual,C5B_I,Individuals using the Internet - last 3 m,PT_POP,Percentage of population,_Z,Not applicable,Y16T74,From 16 to 74 years,_T,Total,_T,Total,_T,Total,STUD,Students,2018,,99.4775,,A,Normal value,,,,,0,Units,,,2,Two,STUD,Students aged 16-74
DATAFLOW,OECD.STI.DEP:DSD_ICT_HH_IND@DF_IND(1.0),ICT Access and Usage by Individuals,I,PRT,Portugal,A,Annual,C5B_I,Individuals using the Internet - last 3 m,PT_POP,Percentage of population,_Z,Not applicable,Y16T74,From 16 to 74 years,_T,Total,_T,Total,_T,Total,STUD,Students,2019,,99.5922,,A,Normal value,,,,,0,Units,,,2,Two,STUD,Students aged 16-74
DATAFLOW,OECD.STI.DEP:DSD_ICT_HH_IND@DF_IND(1.0),ICT Access and Usage by Individuals,I,PRT,Portugal,A,Annual,C5B_I,Individuals using the Internet - last 3 m,PT_POP,Percentage of population,_Z,Not applicable,Y16T74,From 16 to 74 years,_T,Total,_T,Total,_T,Total,STUD,Students,2020,,99.7908,,A,Normal value,,,,,0,Units,,,2,Two,STUD,Students aged 16-74
DATAFLOW,OECD.STI.DEP:DSD_ICT_HH_IND@DF_IND(1.0),ICT Access and Usage by Individuals,I,PRT,Portugal,A,Annual,C5B_I,Individuals using the Internet - last 3 m,PT_POP,Percentage of population,_Z,Not applicable,Y16T74,From 16 to 74 years,_T,Total,_T,Total,_T,Total,STUD,Students,2021,,99.8217,,A,Normal value,,,,,0,Units,,,2,Two,STUD,Students aged 16-74
DATAFLOW,OECD.STI.DEP:DSD_ICT_HH_IND@DF_IND(1.0),ICT Access and Usage by Individuals,I,LUX,Luxembourg,A,Annual,C5B_I,Individuals using the Internet - last 3 m,PT_POP,Percentage of population,_Z,Not applicable,Y16T74,From 16 to 74 years,_T,Total,_T,Total,_T,Total,STUD,Students,2018,,100,,B,Time series break,,,,,0,Units,,,2,Two,STUD,Students aged 16-74
DATAFLOW,OECD.STI.DEP:DSD_ICT_HH_IND@DF_IND(1.0),ICT Access and Usage by Individuals,I,LUX,Luxembourg,A,Annual,C5B_I,Individuals using the Internet - last 3 m,PT_POP,Percentage of population,_Z,Not applicable,Y16T74,From 16 to 74 years,_T,Total,_T,Total,_T,Total,STUD,Students,2017,,100,,A,Normal value,,,,,0,Units,,,2,Two,STUD,Students aged 16-74
DATAFLOW,OECD.STI.DEP:DSD_ICT_HH_IND@DF_IND(1.0),ICT Access and Usage by Individuals,I,PRT,Portugal,A,Annual,C5B_I,Individuals using the Internet - last 3 m,PT_POP,Percentage of population,_Z,Not applicable,Y16T74,From 16 to 74 years,_T,Total,_T,Total,_T,Total,STUD,Students,2013,,99.3738,,A,Normal value,,,,,0,Units,,,2,Two,STUD,Students aged 16-74
DATAFLOW,OECD.STI.DEP:DSD_ICT_HH_IND@DF_IND(1.0),ICT Access and Usage by Individuals,I,PRT,Portugal,A,Annual,C5B_I,Individuals using the Internet - last 3 m,PT_POP,Percentage of population,_Z,Not applicable,Y16T74,From 16 to 74 years,_T,Total,_T,Total,_T,Total,STUD,Students,2014,,99.4625,,A,Normal value,,,,,0,Units,,,2,Two,STUD,Students aged 16-74
DATAFLOW,OECD.STI.DEP:DSD_ICT_HH_IND@DF_IND(1.0),ICT Access and Usage by Individuals,I,PRT,Portugal,A,Annual,C5B_I,Individuals using the Internet - last 3 m,PT_POP,Percentage of population,_Z,Not applicable,Y16T74,From 16 to 74 years,_T,Total,_T,Total,_T,Total,STUD,Students,2015,,99.5082,,A,Normal value,,,,,0,Units,,,2,Two,STUD,Students aged 16-74
DATAFLOW,OECD.STI.DEP:DSD_ICT_HH_IND@DF_IND(1.0),ICT Access and Usage by Individuals,I,PRT,Portugal,A,Annual,C5B_I,Individuals using the Internet - last 3 m,PT_POP,Percentage of population,_Z,Not applicable,Y16T74,From 16 to 74 years,_T,Total,_T,Total,_T,Total,STUD,Students,2016,,99.6217,,A,Normal value,,,,,0,Units,,,2,Two,STUD,Students aged 16-74
DATAFLOW,OECD.STI.DEP:DSD_ICT_HH_IND@DF_IND(1.0),ICT Access and Usage by Individuals,I,LTU,Lithuania,A,Annual,C5B_I,Individuals using the Internet - last 3 m,PT_POP,Percentage of population,_Z,Not applicable,Y16T74,From 16 to 74 years,_T,Total,_T,Total,_T,Total,STUD,Students,2018,,100,,A,Normal value,,,,,0,Units,,,2,Two,STUD,Students aged 16-74
DATAFLOW,OECD.STI.DEP:DSD_ICT_HH_IND@DF_IND(1.0),ICT Access and Usage by Individuals,I,LTU,Lithuania,A,Annual,C5B_I,Individuals using the Internet - last 3 m,PT_POP,Percentage of population,_Z,Not applicable,Y16T74,From 16 to 74 years,_T,Total,_T,Total,_T,Total,STUD,Students,2019,,99.502,,A,Normal value,,,,,0,Units,,,2,Two,STUD,Students aged 16-74
DATAFLOW,OECD.STI.DEP:DSD_ICT_HH_IND@DF_IND(1.0),ICT Access and Usage by Individuals,I,LTU,Lithuania,A,Annual,C5B_I,Individuals using the Internet - last 3 m,PT_POP,Percentage of population,_Z,Not applicable,Y16T74,From 16 to 74 years,_T,Total,_T,Total,_T,Total,STUD,Students,2020,,99.5416,,A,Normal value,,,,,0,Units,,,2,Two,STUD,Students aged 16-74
DATAFLOW,OECD.STI.DEP:DSD_ICT_HH_IND@DF_IND(1.0),ICT Access and Usage by Individuals,I,LTU,Lithuania,A,Annual,C5B_I,Individuals using the Internet - last 3 m,PT_POP,Percentage of population,_Z,Not applicable,Y16T74,From 16 to 74 years,_T,Total,_T,Total,_T,Total,STUD,Students,2021,,100,,A,Normal value,,,,,0,Units,,,2,Two,STUD,Students aged 16-74
DATAFLOW,OECD.STI.DEP:DSD_ICT_HH_IND@DF_IND(1.0),ICT Access and Usage by Individuals,I,LTU,Lithuania,A,Annual,C5B_I,Individuals using the Internet - last 3 m,PT_POP,Percentage of population,_Z,Not applicable,Y16T74,From 16 to 74 years,_T,Total,_T,Total,_T,Total,STUD,Students,2022,,100,,A,Normal value,,,,,0,Units,,,2,Two,STUD,Students aged 16-74
DATAFLOW,OECD.STI.DEP:DSD_ICT_HH_IND@DF_IND(1.0),ICT Access and Usage by Individuals,I,LTU,Lithuania,A,Annual,C5B_I,Individuals using the Internet - last 3 m,PT_POP,Percentage of population,_Z,Not applicable,Y16T74,From 16 to 74 years,_T,Total,_T,Total,_T,Total,STUD,Students,2012,,99.5372,,A,Normal value,,,,,0,Units,,,2,Two,STUD,Students aged 16-74
DATAFLOW,OECD.STI.DEP:DSD_ICT_HH_IND@DF_IND(1.0),ICT Access and Usage by Individuals,I,LTU,Lithuania,A,Annual,C5B_I,Individuals using the Internet - last 3 m,PT_POP,Percentage of population,_Z,Not applicable,Y16T74,From 16 to 74 years,_T,Total,_T,Total,_T,Total,STUD,Students,2013,,99.854,,A,Normal value,,,,,0,Units,,,2,Two,STUD,Students aged 16-74
DATAFLOW,OECD.STI.DEP:DSD_ICT_HH_IND@DF_IND(1.0),ICT Access and Usage by Individuals,I,LTU,Lithuania,A,Annual,C5B_I,Individuals using the Internet - last 3 m,PT_POP,Percentage of population,_Z,Not applicable,Y16T74,From 16 to 74 years,_T,Total,_T,Total,_T,Total,STUD,Students,2014,,99.7431,,A,Normal value,,,,,0,Units,,,2,Two,STUD,Students aged 16-74
DATAFLOW,OECD.STI.DEP:DSD_ICT_HH_IND@DF_IND(1.0),ICT Access and Usage by Individuals,I,LTU,Lithuania,A,Annual,C5B_I,Individuals using the Internet - last 3 m,PT_POP,Percentage of population,_Z,Not applicable,Y16T74,From 16 to 74 years,_T,Total,_T,Total,_T,Total,STUD,Students,2015,,99.1283,,A,Normal value,,,,,0,Units,,,2,Two,STUD,Students aged 16-74
DATAFLOW,OECD.STI.DEP:DSD_ICT_HH_IND@DF_IND(1.0),ICT Access and Usage by Individuals,I,LTU,Lithuania,A,Annual,C5B_I,Individuals using the Internet - last 3 m,PT_POP,Percentage of population,_Z,Not applicable,Y16T74,From 16 to 74 years,_T,Total,_T,Total,_T,Total,STUD,Students,2016,,100,,A,Normal value,,,,,0,Units,,,2,Two,STUD,Students aged 16-74
DATAFLOW,OECD.STI.DEP:DSD_ICT_HH_IND@DF_IND(1.0),ICT Access and Usage by Individuals,I,AUT,Austria,A,Annual,C5B_I,Individuals using the Internet - last 3 m,PT_POP,Percentage of population,_Z,Not applicable,Y16T74,From 16 to 74 years,_T,Total,_T,Total,_T,Total,STUD,Students,2018,,98.6644,,A,Normal value,,,,,0,Units,,,2,Two,STUD,Students aged 16-74
DATAFLOW,OECD.STI.DEP:DSD_ICT_HH_IND@DF_IND(1.0),ICT Access and Usage by Individuals,I,AUT,Austria,A,Annual,C5B_I,Individuals using the Internet - last 3 m,PT_POP,Percentage of population,_Z,Not applicable,Y16T74,From 16 to 74 years,_T,Total,_T,Total,_T,Total,STUD,Students,2019,,99.0737,,A,Normal value,,,,,0,Units,,,2,Two,STUD,Students aged 16-74
DATAFLOW,OECD.STI.DEP:DSD_ICT_HH_IND@DF_IND(1.0),ICT Access and Usage by Individuals,I,AUT,Austria,A,Annual,C5B_I,Individuals using the Internet - last 3 m,PT_POP,Percentage of population,_Z,Not applicable,Y16T74,From 16 to 74 years,_T,Total,_T,Total,_T,Total,STUD,Students,2020,,98.9763,,A,Normal value,,,,,0,Units,,,2,Two,STUD,Students aged 16-74
DATAFLOW,OECD.STI.DEP:DSD_ICT_HH_IND@DF_IND(1.0),ICT Access and Usage by Individuals,I,AUT,Austria,A,Annual,C5B_I,Individuals using the Internet - last 3 m,PT_POP,Percentage of population,_Z,Not applicable,Y16T74,From 16 to 74 years,_T,Total,_T,Total,_T,Total,STUD,Students,2021,,100,,A,Normal value,,,,,0,Units,,,2,Two,STUD,Students aged 16-74
DATAFLOW,OECD.STI.DEP:DSD_ICT_HH_IND@DF_IND(1.0),ICT Access and Usage by Individuals,I,AUT,Austria,A,Annual,C5B_I,Individuals using the Internet - last 3 m,PT_POP,Percentage of population,_Z,Not applicable,Y16T74,From 16 to 74 years,_T,Total,_T,Total,_T,Total,STUD,Students,2022,,100,,A,Normal value,,,,,0,Units,,,2,Two,STUD,Students aged 16-74
DATAFLOW,OECD.STI.DEP:DSD_ICT_HH_IND@DF_IND(1.0),ICT Access and Usage by Individuals,I,LUX,Luxembourg,A,Annual,C5B_I,Individuals using the Internet - last 3 m,PT_POP,Percentage of population,_Z,Not applicable,Y16T74,From 16 to 74 years,_T,Total,_T,Total,_T,Total,STUD,Students,2021,,100,,A,Normal value,,,,,0,Units,,,2,Two,STUD,Students aged 16-74
DATAFLOW,OECD.STI.DEP:DSD_ICT_HH_IND@DF_IND(1.0),ICT Access and Usage by Individuals,I,LUX,Luxembourg,A,Annual,C5B_I,Individuals using the Internet - last 3 m,PT_POP,Percentage of population,_Z,Not applicable,Y16T74,From 16 to 74 years,_T,Total,_T,Total,_T,Total,STUD,Students,2012,,100,,A,Normal value,,,,,0,Units,,,2,Two,STUD,Students aged 16-74
DATAFLOW,OECD.STI.DEP:DSD_ICT_HH_IND@DF_IND(1.0),ICT Access and Usage by Individuals,I,AUT,Austria,A,Annual,C5B_I,Individuals using the Internet - last 3 m,PT_POP,Percentage of population,_Z,Not applicable,Y16T74,From 16 to 74 years,_T,Total,_T,Total,_T,Total,STUD,Students,2014,,99.1802,,A,Normal value,,,,,0,Units,,,2,Two,STUD,Students aged 16-74
DATAFLOW,OECD.STI.DEP:DSD_ICT_HH_IND@DF_IND(1.0),ICT Access and Usage by Individuals,I,AUT,Austria,A,Annual,C5B_I,Individuals using the Internet - last 3 m,PT_POP,Percentage of population,_Z,Not applicable,Y16T74,From 16 to 74 years,_T,Total,_T,Total,_T,Total,STUD,Students,2015,,100,,A,Normal value,,,,,0,Units,,,2,Two,STUD,Students aged 16-74
DATAFLOW,OECD.STI.DEP:DSD_ICT_HH_IND@DF_IND(1.0),ICT Access and Usage by Individuals,I,AUT,Austria,A,Annual,C5B_I,Individuals using the Internet - last 3 m,PT_POP,Percentage of population,_Z,Not applicable,Y16T74,From 16 to 74 years,_T,Total,_T,Total,_T,Total,STUD,Students,2016,,99.8318,,A,Normal value,,,,,0,Units,,,2,Two,STUD,Students aged 16-74
DATAFLOW,OECD.STI.DEP:DSD_ICT_HH_IND@DF_IND(1.0),ICT Access and Usage by Individuals,I,FIN,Finland,A,Annual,C5B_I,Individuals using the Internet - last 3 m,PT_POP,Percentage of population,_Z,Not applicable,Y16T74,From 16 to 74 years,_T,Total,_T,Total,_T,Total,STUD,Students,2018,,100,,A,Normal value,,,,,0,Units,,,2,Two,STUD,Students aged 16-74
DATAFLOW,OECD.STI.DEP:DSD_ICT_HH_IND@DF_IND(1.0),ICT Access and Usage by Individuals,I,FIN,Finland,A,Annual,C5B_I,Individuals using the Internet - last 3 m,PT_POP,Percentage of population,_Z,Not applicable,Y16T74,From 16 to 74 years,_T,Total,_T,Total,_T,Total,STUD,Students,2019,,100,,A,Normal value,,,,,0,Units,,,2,Two,STUD,Students aged 16-74
DATAFLOW,OECD.STI.DEP:DSD_ICT_HH_IND@DF_IND(1.0),ICT Access and Usage by Individuals,I,FIN,Finland,A,Annual,C5B_I,Individuals using the Internet - last 3 m,PT_POP,Percentage of population,_Z,Not applicable,Y16T74,From 16 to 74 years,_T,Total,_T,Total,_T,Total,STUD,Students,2020,,100,,A,Normal value,,,,,0,Units,,,2,Two,STUD,Students aged 16-74
DATAFLOW,OECD.STI.DEP:DSD_ICT_HH_IND@DF_IND(1.0),ICT Access and Usage by Individuals,I,FIN,Finland,A,Annual,C5B_I,Individuals using the Internet - last 3 m,PT_POP,Percentage of population,_Z,Not applicable,Y16T74,From 16 to 74 years,_T,Total,_T,Total,_T,Total,STUD,Students,2021,,100,,A,Normal value,,,,,0,Units,,,2,Two,STUD,Students aged 16-74
DATAFLOW,OECD.STI.DEP:DSD_ICT_HH_IND@DF_IND(1.0),ICT Access and Usage by Individuals,I,FIN,Finland,A,Annual,C5B_I,Individuals using the Internet - last 3 m,PT_POP,Percentage of population,_Z,Not applicable,Y16T74,From 16 to 74 years,_T,Total,_T,Total,_T,Total,STUD,Students,2022,,100,,A,Normal value,,,,,0,Units,,,2,Two,STUD,Students aged 16-74
DATAFLOW,OECD.STI.DEP:DSD_ICT_HH_IND@DF_IND(1.0),ICT Access and Usage by Individuals,I,FIN,Finland,A,Annual,C5B_I,Individuals using the Internet - last 3 m,PT_POP,Percentage of population,_Z,Not applicable,Y16T74,From 16 to 74 years,_T,Total,_T,Total,_T,Total,STUD,Students,2012,,99.6342,,A,Normal value,,,,,0,Units,,,2,Two,STUD,Students aged 16-74
DATAFLOW,OECD.STI.DEP:DSD_ICT_HH_IND@DF_IND(1.0),ICT Access and Usage by Individuals,I,FIN,Finland,A,Annual,C5B_I,Individuals using the Internet - last 3 m,PT_POP,Percentage of population,_Z,Not applicable,Y16T74,From 16 to 74 years,_T,Total,_T,Total,_T,Total,STUD,Students,2013,,99.6081,,A,Normal value,,,,,0,Units,,,2,Two,STUD,Students aged 16-74
DATAFLOW,OECD.STI.DEP:DSD_ICT_HH_IND@DF_IND(1.0),ICT Access and Usage by Individuals,I,FIN,Finland,A,Annual,C5B_I,Individuals using the Internet - last 3 m,PT_POP,Percentage of population,_Z,Not applicable,Y16T74,From 16 to 74 years,_T,Total,_T,Total,_T,Total,STUD,Students,2014,,99.6982,,A,Normal value,,,,,0,Units,,,2,Two,STUD,Students aged 16-74
DATAFLOW,OECD.STI.DEP:DSD_ICT_HH_IND@DF_IND(1.0),ICT Access and Usage by Individuals,I,FIN,Finland,A,Annual,C5B_I,Individuals using the Internet - last 3 m,PT_POP,Percentage of population,_Z,Not applicable,Y16T74,From 16 to 74 years,_T,Total,_T,Total,_T,Total,STUD,Students,2015,,98.9671,,A,Normal value,,,,,0,Units,,,2,Two,STUD,Students aged 16-74
DATAFLOW,OECD.STI.DEP:DSD_ICT_HH_IND@DF_IND(1.0),ICT Access and Usage by Individuals,I,FIN,Finland,A,Annual,C5B_I,Individuals using the Internet - last 3 m,PT_POP,Percentage of population,_Z,Not applicable,Y16T74,From 16 to 74 years,_T,Total,_T,Total,_T,Total,STUD,Students,2016,,100,,A,Normal value,,,,,0,Units,,,2,Two,STUD,Students aged 16-74
DATAFLOW,OECD.STI.DEP:DSD_ICT_HH_IND@DF_IND(1.0),ICT Access and Usage by Individuals,I,NLD,Netherlands,A,Annual,C5B_I,Individuals using the Internet - last 3 m,PT_POP,Percentage of population,_Z,Not applicable,Y16T74,From 16 to 74 years,_T,Total,_T,Total,_T,Total,STUD,Students,2018,,95.604,,A,Normal value,,,,,0,Units,,,2,Two,STUD,Students aged 16-74
DATAFLOW,OECD.STI.DEP:DSD_ICT_HH_IND@DF_IND(1.0),ICT Access and Usage by Individuals,I,NLD,Netherlands,A,Annual,C5B_I,Individuals using the Internet - last 3 m,PT_POP,Percentage of population,_Z,Not applicable,Y16T74,From 16 to 74 years,_T,Total,_T,Total,_T,Total,STUD,Students,2019,,98.0867,,A,Normal value,,,,,0,Units,,,2,Two,STUD,Students aged 16-74
DATAFLOW,OECD.STI.DEP:DSD_ICT_HH_IND@DF_IND(1.0),ICT Access and Usage by Individuals,I,NLD,Netherlands,A,Annual,C5B_I,Individuals using the Internet - last 3 m,PT_POP,Percentage of population,_Z,Not applicable,Y16T74,From 16 to 74 years,_T,Total,_T,Total,_T,Total,STUD,Students,2020,,94.6913,,A,Normal value,,,,,0,Units,,,2,Two,STUD,Students aged 16-74
DATAFLOW,OECD.STI.DEP:DSD_ICT_HH_IND@DF_IND(1.0),ICT Access and Usage by Individuals,I,NLD,Netherlands,A,Annual,C5B_I,Individuals using the Internet - last 3 m,PT_POP,Percentage of population,_Z,Not applicable,Y16T74,From 16 to 74 years,_T,Total,_T,Total,_T,Total,STUD,Students,2021,,96.967,,A,Normal value,,,,,0,Units,,,2,Two,STUD,Students aged 16-74
DATAFLOW,OECD.STI.DEP:DSD_ICT_HH_IND@DF_IND(1.0),ICT Access and Usage by Individuals,I,NLD,Netherlands,A,Annual,C5B_I,Individuals using the Internet - last 3 m,PT_POP,Percentage of population,_Z,Not applicable,Y16T74,From 16 to 74 years,_T,Total,_T,Total,_T,Total,STUD,Students,2022,,94.2799,,A,Normal value,,,,,0,Units,,,2,Two,STUD,Students aged 16-74
DATAFLOW,OECD.STI.DEP:DSD_ICT_HH_IND@DF_IND(1.0),ICT Access and Usage by Individuals,I,NLD,Netherlands,A,Annual,C5B_I,Individuals using the Internet - last 3 m,PT_POP,Percentage of population,_Z,Not applicable,Y16T74,From 16 to 74 years,_T,Total,_T,Total,_T,Total,STUD,Students,2012,,100,,A,Normal value,,,,,0,Units,,,2,Two,STUD,Students aged 16-74
DATAFLOW,OECD.STI.DEP:DSD_ICT_HH_IND@DF_IND(1.0),ICT Access and Usage by Individuals,I,NLD,Netherlands,A,Annual,C5B_I,Individuals using the Internet - last 3 m,PT_POP,Percentage of population,_Z,Not applicable,Y16T74,From 16 to 74 years,_T,Total,_T,Total,_T,Total,STUD,Students,2013,,100,,A,Normal value,,,,,0,Units,,,2,Two,STUD,Students aged 16-74
DATAFLOW,OECD.STI.DEP:DSD_ICT_HH_IND@DF_IND(1.0),ICT Access and Usage by Individuals,I,NLD,Netherlands,A,Annual,C5B_I,Individuals using the Internet - last 3 m,PT_POP,Percentage of population,_Z,Not applicable,Y16T74,From 16 to 74 years,_T,Total,_T,Total,_T,Total,STUD,Students,2014,,94.3021,,A,Normal value,,,,,0,Units,,,2,Two,STUD,Students aged 16-74
DATAFLOW,OECD.STI.DEP:DSD_ICT_HH_IND@DF_IND(1.0),ICT Access and Usage by Individuals,I,NLD,Netherlands,A,Annual,C5B_I,Individuals using the Internet - last 3 m,PT_POP,Percentage of population,_Z,Not applicable,Y16T74,From 16 to 74 years,_T,Total,_T,Total,_T,Total,STUD,Students,2015,,97.8282,,A,Normal value,,,,,0,Units,,,2,Two,STUD,Students aged 16-74
DATAFLOW,OECD.STI.DEP:DSD_ICT_HH_IND@DF_IND(1.0),ICT Access and Usage by Individuals,I,NLD,Netherlands,A,Annual,C5B_I,Individuals using the Internet - last 3 m,PT_POP,Percentage of population,_Z,Not applicable,Y16T74,From 16 to 74 years,_T,Total,_T,Total,_T,Total,STUD,Students,2016,,95.4561,,A,Normal value,,,,,0,Units,,,2,Two,STUD,Students aged 16-74
DATAFLOW,OECD.STI.DEP:DSD_ICT_HH_IND@DF_IND(1.0),ICT Access and Usage by Individuals,I,DNK,Denmark,A,Annual,C5B_I,Individuals using the Internet - last 3 m,PT_POP,Percentage of population,_Z,Not applicable,Y16T74,From 16 to 74 years,_T,Total,_T,Total,_T,Total,STUD,Students,2021,,99.7325,,A,Normal value,,,,,0,Units,,,2,Two,STUD,Students aged 16-74
DATAFLOW,OECD.STI.DEP:DSD_ICT_HH_IND@DF_IND(1.0),ICT Access and Usage by Individuals,I,DNK,Denmark,A,Annual,C5B_I,Individuals using the Internet - last 3 m,PT_POP,Percentage of population,_Z,Not applicable,Y16T74,From 16 to 74 years,_T,Total,_T,Total,_T,Total,STUD,Students,2022,,99.358,,A,Normal value,,,,,0,Units,,,2,Two,STUD,Students aged 16-74
DATAFLOW,OECD.STI.DEP:DSD_ICT_HH_IND@DF_IND(1.0),ICT Access and Usage by Individuals,I,DNK,Denmark,A,Annual,C5B_I,Individuals using the Internet - last 3 m,PT_POP,Percentage of population,_Z,Not applicable,Y16T74,From 16 to 74 years,_T,Total,_T,Total,_T,Total,STUD,Students,2016,,100,,A,Normal value,,,,,0,Units,,,2,Two,STUD,Students aged 16-74
DATAFLOW,OECD.STI.DEP:DSD_ICT_HH_IND@DF_IND(1.0),ICT Access and Usage by Individuals,I,DNK,Denmark,A,Annual,C5B_I,Individuals using the Internet - last 3 m,PT_POP,Percentage of population,_Z,Not applicable,Y16T74,From 16 to 74 years,_T,Total,_T,Total,_T,Total,STUD,Students,2017,,100,,A,Normal value,,,,,0,Units,,,2,Two,STUD,Students aged 16-74
DATAFLOW,OECD.STI.DEP:DSD_ICT_HH_IND@DF_IND(1.0),ICT Access and Usage by Individuals,I,DNK,Denmark,A,Annual,C5B_I,Individuals using the Internet - last 3 m,PT_POP,Percentage of population,_Z,Not applicable,Y16T74,From 16 to 74 years,_T,Total,_T,Total,_T,Total,STUD,Students,2012,,99.6026,,A,Normal value,,,,,0,Units,,,2,Two,STUD,Students aged 16-74
DATAFLOW,OECD.STI.DEP:DSD_ICT_HH_IND@DF_IND(1.0),ICT Access and Usage by Individuals,I,DNK,Denmark,A,Annual,C5B_I,Individuals using the Internet - last 3 m,PT_POP,Percentage of population,_Z,Not applicable,Y16T74,From 16 to 74 years,_T,Total,_T,Total,_T,Total,STUD,Students,2013,,99.6646,,A,Normal value,,,,,0,Units,,,2,Two,STUD,Students aged 16-74
DATAFLOW,OECD.STI.DEP:DSD_ICT_HH_IND@DF_IND(1.0),ICT Access and Usage by Individuals,I,DNK,Denmark,A,Annual,C5B_I,Individuals using the Internet - last 3 m,PT_POP,Percentage of population,_Z,Not applicable,Y16T74,From 16 to 74 years,_T,Total,_T,Total,_T,Total,STUD,Students,2014,,100,,A,Normal value,,,,,0,Units,,,2,Two,STUD,Students aged 16-74
DATAFLOW,OECD.STI.DEP:DSD_ICT_HH_IND@DF_IND(1.0),ICT Access and Usage by Individuals,I,DNK,Denmark,A,Annual,C5B_I,Individuals using the Internet - last 3 m,PT_POP,Percentage of population,_Z,Not applicable,Y16T74,From 16 to 74 years,_T,Total,_T,Total,_T,Total,STUD,Students,2015,,99.7967,,A,Normal value,,,,,0,Units,,,2,Two,STUD,Students aged 16-74
DATAFLOW,OECD.STI.DEP:DSD_ICT_HH_IND@DF_IND(1.0),ICT Access and Usage by Individuals,I,DNK,Denmark,A,Annual,C5B_I,Individuals using the Internet - last 3 m,PT_POP,Percentage of population,_Z,Not applicable,Y16T74,From 16 to 74 years,_T,Total,_T,Total,_T,Total,STUD,Students,2018,,100,,A,Normal value,,,,,0,Units,,,2,Two,STUD,Students aged 16-74
DATAFLOW,OECD.STI.DEP:DSD_ICT_HH_IND@DF_IND(1.0),ICT Access and Usage by Individuals,I,DNK,Denmark,A,Annual,C5B_I,Individuals using the Internet - last 3 m,PT_POP,Percentage of population,_Z,Not applicable,Y16T74,From 16 to 74 years,_T,Total,_T,Total,_T,Total,STUD,Students,2019,,98.9506,,A,Normal value,,,,,0,Units,,,2,Two,STUD,Students aged 16-74
DATAFLOW,OECD.STI.DEP:DSD_ICT_HH_IND@DF_IND(1.0),ICT Access and Usage by Individuals,I,SVN,Slovenia,A,Annual,C5B_I,Individuals using the Internet - last 3 m,PT_POP,Percentage of population,_Z,Not applicable,Y16T74,From 16 to 74 years,_T,Total,_T,Total,_T,Total,STUD,Students,2018,,100,,A,Normal value,,,,,0,Units,,,2,Two,STUD,Students aged 16-74
DATAFLOW,OECD.STI.DEP:DSD_ICT_HH_IND@DF_IND(1.0),ICT Access and Usage by Individuals,I,SVN,Slovenia,A,Annual,C5B_I,Individuals using the Internet - last 3 m,PT_POP,Percentage of population,_Z,Not applicable,Y16T74,From 16 to 74 years,_T,Total,_T,Total,_T,Total,STUD,Students,2019,,100,,A,Normal value,,,,,0,Units,,,2,Two,STUD,Students aged 16-74
DATAFLOW,OECD.STI.DEP:DSD_ICT_HH_IND@DF_IND(1.0),ICT Access and Usage by Individuals,I,SVN,Slovenia,A,Annual,C5B_I,Individuals using the Internet - last 3 m,PT_POP,Percentage of population,_Z,Not applicable,Y16T74,From 16 to 74 years,_T,Total,_T,Total,_T,Total,STUD,Students,2020,,99.2708,,A,Normal value,,,,,0,Units,,,2,Two,STUD,Students aged 16-74
DATAFLOW,OECD.STI.DEP:DSD_ICT_HH_IND@DF_IND(1.0),ICT Access and Usage by Individuals,I,SVN,Slovenia,A,Annual,C5B_I,Individuals using the Internet - last 3 m,PT_POP,Percentage of population,_Z,Not applicable,Y16T74,From 16 to 74 years,_T,Total,_T,Total,_T,Total,STUD,Students,2021,,99.0065,,A,Normal value,,,,,0,Units,,,2,Two,STUD,Students aged 16-74
DATAFLOW,OECD.STI.DEP:DSD_ICT_HH_IND@DF_IND(1.0),ICT Access and Usage by Individuals,I,SVN,Slovenia,A,Annual,C5B_I,Individuals using the Internet - last 3 m,PT_POP,Percentage of population,_Z,Not applicable,Y16T74,From 16 to 74 years,_T,Total,_T,Total,_T,Total,STUD,Students,2022,,100,,A,Normal value,,,,,0,Units,,,2,Two,STUD,Students aged 16-74
DATAFLOW,OECD.STI.DEP:DSD_ICT_HH_IND@DF_IND(1.0),ICT Access and Usage by Individuals,I,SVN,Slovenia,A,Annual,C5B_I,Individuals using the Internet - last 3 m,PT_POP,Percentage of population,_Z,Not applicable,Y16T74,From 16 to 74 years,_T,Total,_T,Total,_T,Total,STUD,Students,2012,,98.4068,,A,Normal value,,,,,0,Units,,,2,Two,STUD,Students aged 16-74
DATAFLOW,OECD.STI.DEP:DSD_ICT_HH_IND@DF_IND(1.0),ICT Access and Usage by Individuals,I,SVN,Slovenia,A,Annual,C5B_I,Individuals using the Internet - last 3 m,PT_POP,Percentage of population,_Z,Not applicable,Y16T74,From 16 to 74 years,_T,Total,_T,Total,_T,Total,STUD,Students,2013,,100,,A,Normal value,,,,,0,Units,,,2,Two,STUD,Students aged 16-74
DATAFLOW,OECD.STI.DEP:DSD_ICT_HH_IND@DF_IND(1.0),ICT Access and Usage by Individuals,I,SVN,Slovenia,A,Annual,C5B_I,Individuals using the Internet - last 3 m,PT_POP,Percentage of population,_Z,Not applicable,Y16T74,From 16 to 74 years,_T,Total,_T,Total,_T,Total,STUD,Students,2014,,99.0622,,A,Normal value,,,,,0,Units,,,2,Two,STUD,Students aged 16-74
DATAFLOW,OECD.STI.DEP:DSD_ICT_HH_IND@DF_IND(1.0),ICT Access and Usage by Individuals,I,SVN,Slovenia,A,Annual,C5B_I,Individuals using the Internet - last 3 m,PT_POP,Percentage of population,_Z,Not applicable,Y16T74,From 16 to 74 years,_T,Total,_T,Total,_T,Total,STUD,Students,2015,,100,,A,Normal value,,,,,0,Units,,,2,Two,STUD,Students aged 16-74
DATAFLOW,OECD.STI.DEP:DSD_ICT_HH_IND@DF_IND(1.0),ICT Access and Usage by Individuals,I,SVN,Slovenia,A,Annual,C5B_I,Individuals using the Internet - last 3 m,PT_POP,Percentage of population,_Z,Not applicable,Y16T74,From 16 to 74 years,_T,Total,_T,Total,_T,Total,STUD,Students,2016,,100,,A,Normal value,,,,,0,Units,,,2,Two,STUD,Students aged 16-74
DATAFLOW,OECD.STI.DEP:DSD_ICT_HH_IND@DF_IND(1.0),ICT Access and Usage by Individuals,I,PRT,Portugal,A,Annual,C5B_I,Individuals using the Internet - last 3 m,PT_POP,Percentage of population,_Z,Not applicable,Y16T74,From 16 to 74 years,_T,Total,_T,Total,_T,Total,STUD,Students,2022,,99.813,,A,Normal value,,,,,0,Units,,,2,Two,STUD,Students aged 16-74
DATAFLOW,OECD.STI.DEP:DSD_ICT_HH_IND@DF_IND(1.0),ICT Access and Usage by Individuals,I,PRT,Portugal,A,Annual,C5B_I,Individuals using the Internet - last 3 m,PT_POP,Percentage of population,_Z,Not applicable,Y16T74,From 16 to 74 years,_T,Total,_T,Total,_T,Total,STUD,Students,2012,,99.4766,,A,Normal value,,,,,0,Units,,,2,Two,STUD,Students aged 16-74
DATAFLOW,OECD.STI.DEP:DSD_ICT_HH_IND@DF_IND(1.0),ICT Access and Usage by Individuals,I,IRL,Ireland,A,Annual,C5B_I,Individuals using the Internet - last 3 m,PT_POP,Percentage of population,_Z,Not applicable,Y16T74,From 16 to 74 years,_T,Total,_T,Total,_T,Total,STUD,Students,2018,,99.709,,A,Normal value,,,,,0,Units,,,2,Two,STUD,Students aged 16-74
DATAFLOW,OECD.STI.DEP:DSD_ICT_HH_IND@DF_IND(1.0),ICT Access and Usage by Individuals,I,IRL,Ireland,A,Annual,C5B_I,Individuals using the Internet - last 3 m,PT_POP,Percentage of population,_Z,Not applicable,Y16T74,From 16 to 74 years,_T,Total,_T,Total,_T,Total,STUD,Students,2019,,99.8539,,A,Normal value,,,,,0,Units,,,2,Two,STUD,Students aged 16-74
DATAFLOW,OECD.STI.DEP:DSD_ICT_HH_IND@DF_IND(1.0),ICT Access and Usage by Individuals,I,IRL,Ireland,A,Annual,C5B_I,Individuals using the Internet - last 3 m,PT_POP,Percentage of population,_Z,Not applicable,Y16T74,From 16 to 74 years,_T,Total,_T,Total,_T,Total,STUD,Students,2014,,99.1806,,A,Normal value,,,,,0,Units,,,2,Two,STUD,Students aged 16-74
DATAFLOW,OECD.STI.DEP:DSD_ICT_HH_IND@DF_IND(1.0),ICT Access and Usage by Individuals,I,IRL,Ireland,A,Annual,C5B_I,Individuals using the Internet - last 3 m,PT_POP,Percentage of population,_Z,Not applicable,Y16T74,From 16 to 74 years,_T,Total,_T,Total,_T,Total,STUD,Students,2016,,98.6112,,A,Normal value,,,,,0,Units,,,2,Two,STUD,Students aged 16-74
DATAFLOW,OECD.STI.DEP:DSD_ICT_HH_IND@DF_IND(1.0),ICT Access and Usage by Individuals,I,IRL,Ireland,A,Annual,C5B_I,Individuals using the Internet - last 3 m,PT_POP,Percentage of population,_Z,Not applicable,Y16T74,From 16 to 74 years,_T,Total,_T,Total,_T,Total,STUD,Students,2012,,97.3841,,A,Normal value,,,,,0,Units,,,2,Two,STUD,Students aged 16-74
DATAFLOW,OECD.STI.DEP:DSD_ICT_HH_IND@DF_IND(1.0),ICT Access and Usage by Individuals,I,LVA,Latvia,A,Annual,C5B_I,Individuals using the Internet - last 3 m,PT_POP,Percentage of population,_Z,Not applicable,Y16T74,From 16 to 74 years,_T,Total,_T,Total,_T,Total,STUD,Students,2018,,99.3972,,A,Normal value,,,,,0,Units,,,2,Two,STUD,Students aged 16-74
DATAFLOW,OECD.STI.DEP:DSD_ICT_HH_IND@DF_IND(1.0),ICT Access and Usage by Individuals,I,LVA,Latvia,A,Annual,C5B_I,Individuals using the Internet - last 3 m,PT_POP,Percentage of population,_Z,Not applicable,Y16T74,From 16 to 74 years,_T,Total,_T,Total,_T,Total,STUD,Students,2019,,100,,A,Normal value,,,,,0,Units,,,2,Two,STUD,Students aged 16-74
DATAFLOW,OECD.STI.DEP:DSD_ICT_HH_IND@DF_IND(1.0),ICT Access and Usage by Individuals,I,LVA,Latvia,A,Annual,C5B_I,Individuals using the Internet - last 3 m,PT_POP,Percentage of population,_Z,Not applicable,Y16T74,From 16 to 74 years,_T,Total,_T,Total,_T,Total,STUD,Students,2020,,97.3236,,A,Normal value,,,,,0,Units,,,2,Two,STUD,Students aged 16-74
DATAFLOW,OECD.STI.DEP:DSD_ICT_HH_IND@DF_IND(1.0),ICT Access and Usage by Individuals,I,LVA,Latvia,A,Annual,C5B_I,Individuals using the Internet - last 3 m,PT_POP,Percentage of population,_Z,Not applicable,Y16T74,From 16 to 74 years,_T,Total,_T,Total,_T,Total,STUD,Students,2021,,100,,A,Normal value,,,,,0,Units,,,2,Two,STUD,Students aged 16-74
DATAFLOW,OECD.STI.DEP:DSD_ICT_HH_IND@DF_IND(1.0),ICT Access and Usage by Individuals,I,LVA,Latvia,A,Annual,C5B_I,Individuals using the Internet - last 3 m,PT_POP,Percentage of population,_Z,Not applicable,Y16T74,From 16 to 74 years,_T,Total,_T,Total,_T,Total,STUD,Students,2022,,99.5105,,A,Normal value,,,,,0,Units,,,2,Two,STUD,Students aged 16-74
DATAFLOW,OECD.STI.DEP:DSD_ICT_HH_IND@DF_IND(1.0),ICT Access and Usage by Individuals,I,LVA,Latvia,A,Annual,C5B_I,Individuals using the Internet - last 3 m,PT_POP,Percentage of population,_Z,Not applicable,Y16T74,From 16 to 74 years,_T,Total,_T,Total,_T,Total,STUD,Students,2016,,100,,B,Time series break,,,,,0,Units,,,2,Two,STUD,Students aged 16-74
DATAFLOW,OECD.STI.DEP:DSD_ICT_HH_IND@DF_IND(1.0),ICT Access and Usage by Individuals,I,LVA,Latvia,A,Annual,C5B_I,Individuals using the Internet - last 3 m,PT_POP,Percentage of population,_Z,Not applicable,Y16T74,From 16 to 74 years,_T,Total,_T,Total,_T,Total,STUD,Students,2012,,99.6794,,A,Normal value,,,,,0,Units,,,2,Two,STUD,Students aged 16-74
DATAFLOW,OECD.STI.DEP:DSD_ICT_HH_IND@DF_IND(1.0),ICT Access and Usage by Individuals,I,LVA,Latvia,A,Annual,C5B_I,Individuals using the Internet - last 3 m,PT_POP,Percentage of population,_Z,Not applicable,Y16T74,From 16 to 74 years,_T,Total,_T,Total,_T,Total,STUD,Students,2013,,99.6119,,A,Normal value,,,,,0,Units,,,2,Two,STUD,Students aged 16-74
DATAFLOW,OECD.STI.DEP:DSD_ICT_HH_IND@DF_IND(1.0),ICT Access and Usage by Individuals,I,LVA,Latvia,A,Annual,C5B_I,Individuals using the Internet - last 3 m,PT_POP,Percentage of population,_Z,Not applicable,Y16T74,From 16 to 74 years,_T,Total,_T,Total,_T,Total,STUD,Students,2014,,100,,A,Normal value,,,,,0,Units,,,2,Two,STUD,Students aged 16-74
DATAFLOW,OECD.STI.DEP:DSD_ICT_HH_IND@DF_IND(1.0),ICT Access and Usage by Individuals,I,LVA,Latvia,A,Annual,C5B_I,Individuals using the Internet - last 3 m,PT_POP,Percentage of population,_Z,Not applicable,Y16T74,From 16 to 74 years,_T,Total,_T,Total,_T,Total,STUD,Students,2015,,99.1127,,A,Normal value,,,,,0,Units,,,2,Two,STUD,Students aged 16-74
DATAFLOW,OECD.STI.DEP:DSD_ICT_HH_IND@DF_IND(1.0),ICT Access and Usage by Individuals,I,ESP,Spain,A,Annual,C5B_I,Individuals using the Internet - last 3 m,PT_POP,Percentage of population,_Z,Not applicable,Y16T74,From 16 to 74 years,_T,Total,_T,Total,_T,Total,STUD,Students,2018,,99.3753,,A,Normal value,,,,,0,Units,,,2,Two,STUD,Students aged 16-74
DATAFLOW,OECD.STI.DEP:DSD_ICT_HH_IND@DF_IND(1.0),ICT Access and Usage by Individuals,I,ESP,Spain,A,Annual,C5B_I,Individuals using the Internet - last 3 m,PT_POP,Percentage of population,_Z,Not applicable,Y16T74,From 16 to 74 years,_T,Total,_T,Total,_T,Total,STUD,Students,2019,,99.5828,,A,Normal value,,,,,0,Units,,,2,Two,STUD,Students aged 16-74
DATAFLOW,OECD.STI.DEP:DSD_ICT_HH_IND@DF_IND(1.0),ICT Access and Usage by Individuals,I,ESP,Spain,A,Annual,C5B_I,Individuals using the Internet - last 3 m,PT_POP,Percentage of population,_Z,Not applicable,Y16T74,From 16 to 74 years,_T,Total,_T,Total,_T,Total,STUD,Students,2020,,100,,A,Normal value,,,,,0,Units,,,2,Two,STUD,Students aged 16-74
DATAFLOW,OECD.STI.DEP:DSD_ICT_HH_IND@DF_IND(1.0),ICT Access and Usage by Individuals,I,ESP,Spain,A,Annual,C5B_I,Individuals using the Internet - last 3 m,PT_POP,Percentage of population,_Z,Not applicable,Y16T74,From 16 to 74 years,_T,Total,_T,Total,_T,Total,STUD,Students,2021,,100,,A,Normal value,,,,,0,Units,,,2,Two,STUD,Students aged 16-74
DATAFLOW,OECD.STI.DEP:DSD_ICT_HH_IND@DF_IND(1.0),ICT Access and Usage by Individuals,I,ESP,Spain,A,Annual,C5B_I,Individuals using the Internet - last 3 m,PT_POP,Percentage of population,_Z,Not applicable,Y16T74,From 16 to 74 years,_T,Total,_T,Total,_T,Total,STUD,Students,2022,,99.5474,,A,Normal value,,,,,0,Units,,,2,Two,STUD,Students aged 16-74
DATAFLOW,OECD.STI.DEP:DSD_ICT_HH_IND@DF_IND(1.0),ICT Access and Usage by Individuals,I,ESP,Spain,A,Annual,C5B_I,Individuals using the Internet - last 3 m,PT_POP,Percentage of population,_Z,Not applicable,Y16T74,From 16 to 74 years,_T,Total,_T,Total,_T,Total,STUD,Students,2012,,96.9311,,A,Normal value,,,,,0,Units,,,2,Two,STUD,Students aged 16-74
DATAFLOW,OECD.STI.DEP:DSD_ICT_HH_IND@DF_IND(1.0),ICT Access and Usage by Individuals,I,ESP,Spain,A,Annual,C5B_I,Individuals using the Internet - last 3 m,PT_POP,Percentage of population,_Z,Not applicable,Y16T74,From 16 to 74 years,_T,Total,_T,Total,_T,Total,STUD,Students,2013,,99.221,,A,Normal value,,,,,0,Units,,,2,Two,STUD,Students aged 16-74
DATAFLOW,OECD.STI.DEP:DSD_ICT_HH_IND@DF_IND(1.0),ICT Access and Usage by Individuals,I,ESP,Spain,A,Annual,C5B_I,Individuals using the Internet - last 3 m,PT_POP,Percentage of population,_Z,Not applicable,Y16T74,From 16 to 74 years,_T,Total,_T,Total,_T,Total,STUD,Students,2014,,98.9507,,A,Normal value,,,,,0,Units,,,2,Two,STUD,Students aged 16-74
DATAFLOW,OECD.STI.DEP:DSD_ICT_HH_IND@DF_IND(1.0),ICT Access and Usage by Individuals,I,ESP,Spain,A,Annual,C5B_I,Individuals using the Internet - last 3 m,PT_POP,Percentage of population,_Z,Not applicable,Y16T74,From 16 to 74 years,_T,Total,_T,Total,_T,Total,STUD,Students,2015,,98.2456,,A,Normal value,,,,,0,Units,,,2,Two,STUD,Students aged 16-74
DATAFLOW,OECD.STI.DEP:DSD_ICT_HH_IND@DF_IND(1.0),ICT Access and Usage by Individuals,I,ESP,Spain,A,Annual,C5B_I,Individuals using the Internet - last 3 m,PT_POP,Percentage of population,_Z,Not applicable,Y16T74,From 16 to 74 years,_T,Total,_T,Total,_T,Total,STUD,Students,2016,,99.4138,,A,Normal value,,,,,0,Units,,,2,Two,STUD,Students aged 16-74
DATAFLOW,OECD.STI.DEP:DSD_ICT_HH_IND@DF_IND(1.0),ICT Access and Usage by Individuals,I,HUN,Hungary,A,Annual,C5B_I,Individuals using the Internet - last 3 m,PT_POP,Percentage of population,_Z,Not applicable,Y16T74,From 16 to 74 years,_T,Total,_T,Total,_T,Total,STUD,Students,2013,,98.6216,,A,Normal value,,,,,0,Units,,,2,Two,STUD,Students aged 16-74
DATAFLOW,OECD.STI.DEP:DSD_ICT_HH_IND@DF_IND(1.0),ICT Access and Usage by Individuals,I,HUN,Hungary,A,Annual,C5B_I,Individuals using the Internet - last 3 m,PT_POP,Percentage of population,_Z,Not applicable,Y16T74,From 16 to 74 years,_T,Total,_T,Total,_T,Total,STUD,Students,2014,,99.3103,,A,Normal value,,,,,0,Units,,,2,Two,STUD,Students aged 16-74
DATAFLOW,OECD.STI.DEP:DSD_ICT_HH_IND@DF_IND(1.0),ICT Access and Usage by Individuals,I,HUN,Hungary,A,Annual,C5B_I,Individuals using the Internet - last 3 m,PT_POP,Percentage of population,_Z,Not applicable,Y16T74,From 16 to 74 years,_T,Total,_T,Total,_T,Total,STUD,Students,2015,,98.1702,,A,Normal value,,,,,0,Units,,,2,Two,STUD,Students aged 16-74
DATAFLOW,OECD.STI.DEP:DSD_ICT_HH_IND@DF_IND(1.0),ICT Access and Usage by Individuals,I,HUN,Hungary,A,Annual,C5B_I,Individuals using the Internet - last 3 m,PT_POP,Percentage of population,_Z,Not applicable,Y16T74,From 16 to 74 years,_T,Total,_T,Total,_T,Total,STUD,Students,2016,,100,,A,Normal value,,,,,0,Units,,,2,Two,STUD,Students aged 16-74
DATAFLOW,OECD.STI.DEP:DSD_ICT_HH_IND@DF_IND(1.0),ICT Access and Usage by Individuals,I,HUN,Hungary,A,Annual,C5B_I,Individuals using the Internet - last 3 m,PT_POP,Percentage of population,_Z,Not applicable,Y16T74,From 16 to 74 years,_T,Total,_T,Total,_T,Total,STUD,Students,2017,,99.4128,,A,Normal value,,,,,0,Units,,,2,Two,STUD,Students aged 16-74
DATAFLOW,OECD.STI.DEP:DSD_ICT_HH_IND@DF_IND(1.0),ICT Access and Usage by Individuals,I,HUN,Hungary,A,Annual,C5B_I,Individuals using the Internet - last 3 m,PT_POP,Percentage of population,_Z,Not applicable,Y16T74,From 16 to 74 years,_T,Total,_T,Total,_T,Total,STUD,Students,2021,,99.4085,,A,Normal value,,,,,0,Units,,,2,Two,STUD,Students aged 16-74
DATAFLOW,OECD.STI.DEP:DSD_ICT_HH_IND@DF_IND(1.0),ICT Access and Usage by Individuals,I,HUN,Hungary,A,Annual,C5B_I,Individuals using the Internet - last 3 m,PT_POP,Percentage of population,_Z,Not applicable,Y16T74,From 16 to 74 years,_T,Total,_T,Total,_T,Total,STUD,Students,2022,,98.6627,,A,Normal value,,,,,0,Units,,,2,Two,STUD,Students aged 16-74
DATAFLOW,OECD.STI.DEP:DSD_ICT_HH_IND@DF_IND(1.0),ICT Access and Usage by Individuals,I,HUN,Hungary,A,Annual,C5B_I,Individuals using the Internet - last 3 m,PT_POP,Percentage of population,_Z,Not applicable,Y16T74,From 16 to 74 years,_T,Total,_T,Total,_T,Total,STUD,Students,2020,,99.2178,,A,Normal value,,,,,0,Units,,,2,Two,STUD,Students aged 16-74
DATAFLOW,OECD.STI.DEP:DSD_ICT_HH_IND@DF_IND(1.0),ICT Access and Usage by Individuals,I,HUN,Hungary,A,Annual,C5B_I,Individuals using the Internet - last 3 m,PT_POP,Percentage of population,_Z,Not applicable,Y16T74,From 16 to 74 years,_T,Total,_T,Total,_T,Total,STUD,Students,2018,,98.5709,,A,Normal value,,,,,0,Units,,,2,Two,STUD,Students aged 16-74
DATAFLOW,OECD.STI.DEP:DSD_ICT_HH_IND@DF_IND(1.0),ICT Access and Usage by Individuals,I,HUN,Hungary,A,Annual,C5B_I,Individuals using the Internet - last 3 m,PT_POP,Percentage of population,_Z,Not applicable,Y16T74,From 16 to 74 years,_T,Total,_T,Total,_T,Total,STUD,Students,2019,,99.3197,,A,Normal value,,,,,0,Units,,,2,Two,STUD,Students aged 16-74
DATAFLOW,OECD.STI.DEP:DSD_ICT_HH_IND@DF_IND(1.0),ICT Access and Usage by Individuals,I,NOR,Norway,A,Annual,C5B_I,Individuals using the Internet - last 3 m,PT_POP,Percentage of population,_Z,Not applicable,Y16T74,From 16 to 74 years,_T,Total,_T,Total,_T,Total,STUD,Students,2021,,100,,A,Normal value,,,,,0,Units,,,2,Two,STUD,Students aged 16-74
DATAFLOW,OECD.STI.DEP:DSD_ICT_HH_IND@DF_IND(1.0),ICT Access and Usage by Individuals,I,NOR,Norway,A,Annual,C5B_I,Individuals using the Internet - last 3 m,PT_POP,Percentage of population,_Z,Not applicable,Y16T74,From 16 to 74 years,_T,Total,_T,Total,_T,Total,STUD,Students,2022,,100,,A,Normal value,,,,,0,Units,,,2,Two,STUD,Students aged 16-74
DATAFLOW,OECD.STI.DEP:DSD_ICT_HH_IND@DF_IND(1.0),ICT Access and Usage by Individuals,I,NOR,Norway,A,Annual,C5B_I,Individuals using the Internet - last 3 m,PT_POP,Percentage of population,_Z,Not applicable,Y16T74,From 16 to 74 years,_T,Total,_T,Total,_T,Total,STUD,Students,2017,,100,,A,Normal value,,,,,0,Units,,,2,Two,STUD,Students aged 16-74
DATAFLOW,OECD.STI.DEP:DSD_ICT_HH_IND@DF_IND(1.0),ICT Access and Usage by Individuals,I,NOR,Norway,A,Annual,C5B_I,Individuals using the Internet - last 3 m,PT_POP,Percentage of population,_Z,Not applicable,Y16T74,From 16 to 74 years,_T,Total,_T,Total,_T,Total,STUD,Students,2018,,100,,A,Normal value,,,,,0,Units,,,2,Two,STUD,Students aged 16-74
DATAFLOW,OECD.STI.DEP:DSD_ICT_HH_IND@DF_IND(1.0),ICT Access and Usage by Individuals,I,NOR,Norway,A,Annual,C5B_I,Individuals using the Internet - last 3 m,PT_POP,Percentage of population,_Z,Not applicable,Y16T74,From 16 to 74 years,_T,Total,_T,Total,_T,Total,STUD,Students,2019,,99.0157,,A,Normal value,,,,,0,Units,,,2,Two,STUD,Students aged 16-74
DATAFLOW,OECD.STI.DEP:DSD_ICT_HH_IND@DF_IND(1.0),ICT Access and Usage by Individuals,I,NOR,Norway,A,Annual,C5B_I,Individuals using the Internet - last 3 m,PT_POP,Percentage of population,_Z,Not applicable,Y16T74,From 16 to 74 years,_T,Total,_T,Total,_T,Total,STUD,Students,2012,,100,,A,Normal value,,,,,0,Units,,,2,Two,STUD,Students aged 16-74
DATAFLOW,OECD.STI.DEP:DSD_ICT_HH_IND@DF_IND(1.0),ICT Access and Usage by Individuals,I,NOR,Norway,A,Annual,C5B_I,Individuals using the Internet - last 3 m,PT_POP,Percentage of population,_Z,Not applicable,Y16T74,From 16 to 74 years,_T,Total,_T,Total,_T,Total,STUD,Students,2013,,100,,A,Normal value,,,,,0,Units,,,2,Two,STUD,Students aged 16-74
DATAFLOW,OECD.STI.DEP:DSD_ICT_HH_IND@DF_IND(1.0),ICT Access and Usage by Individuals,I,NOR,Norway,A,Annual,C5B_I,Individuals using the Internet - last 3 m,PT_POP,Percentage of population,_Z,Not applicable,Y16T74,From 16 to 74 years,_T,Total,_T,Total,_T,Total,STUD,Students,2014,,100,,A,Normal value,,,,,0,Units,,,2,Two,STUD,Students aged 16-74
DATAFLOW,OECD.STI.DEP:DSD_ICT_HH_IND@DF_IND(1.0),ICT Access and Usage by Individuals,I,NOR,Norway,A,Annual,C5B_I,Individuals using the Internet - last 3 m,PT_POP,Percentage of population,_Z,Not applicable,Y16T74,From 16 to 74 years,_T,Total,_T,Total,_T,Total,STUD,Students,2015,,98.8189,,A,Normal value,,,,,0,Units,,,2,Two,STUD,Students aged 16-74
DATAFLOW,OECD.STI.DEP:DSD_ICT_HH_IND@DF_IND(1.0),ICT Access and Usage by Individuals,I,NOR,Norway,A,Annual,C5B_I,Individuals using the Internet - last 3 m,PT_POP,Percentage of population,_Z,Not applicable,Y16T74,From 16 to 74 years,_T,Total,_T,Total,_T,Total,STUD,Students,2016,,100,,A,Normal value,,,,,0,Units,,,2,Two,STUD,Students aged 16-74
DATAFLOW,OECD.STI.DEP:DSD_ICT_HH_IND@DF_IND(1.0),ICT Access and Usage by Individuals,I,KOR,Korea,A,Annual,C5B_I,Individuals using the Internet - last 3 m,PT_POP,Percentage of population,_Z,Not applicable,Y16T74,From 16 to 74 years,_T,Total,_T,Total,_T,Total,STUD,Students,2018,,99.96173994,,A,Normal value,,,,,0,Units,,,2,Two,STUD,Students aged 16-74
DATAFLOW,OECD.STI.DEP:DSD_ICT_HH_IND@DF_IND(1.0),ICT Access and Usage by Individuals,I,KOR,Korea,A,Annual,C5B_I,Individuals using the Internet - last 3 m,PT_POP,Percentage of population,_Z,Not applicable,Y16T74,From 16 to 74 years,_T,Total,_T,Total,_T,Total,STUD,Students,2019,,99.95403155,,A,Normal value,,,,,0,Units,,,2,Two,STUD,Students aged 16-74
DATAFLOW,OECD.STI.DEP:DSD_ICT_HH_IND@DF_IND(1.0),ICT Access and Usage by Individuals,I,KOR,Korea,A,Annual,C5B_I,Individuals using the Internet - last 3 m,PT_POP,Percentage of population,_Z,Not applicable,Y16T74,From 16 to 74 years,_T,Total,_T,Total,_T,Total,STUD,Students,2020,,99.93675916,,A,Normal value,,,,,0,Units,,,2,Two,STUD,Students aged 16-74
DATAFLOW,OECD.STI.DEP:DSD_ICT_HH_IND@DF_IND(1.0),ICT Access and Usage by Individuals,I,KOR,Korea,A,Annual,C5B_I,Individuals using the Internet - last 3 m,PT_POP,Percentage of population,_Z,Not applicable,Y16T74,From 16 to 74 years,_T,Total,_T,Total,_T,Total,STUD,Students,2021,,99.92826216,,A,Normal value,,,,,0,Units,,,2,Two,STUD,Students aged 16-74
DATAFLOW,OECD.STI.DEP:DSD_ICT_HH_IND@DF_IND(1.0),ICT Access and Usage by Individuals,I,KOR,Korea,A,Annual,C5B_I,Individuals using the Internet - last 3 m,PT_POP,Percentage of population,_Z,Not applicable,Y16T74,From 16 to 74 years,_T,Total,_T,Total,_T,Total,STUD,Students,2022,,99.89066651,,A,Normal value,,,,,0,Units,,,2,Two,STUD,Students aged 16-74
DATAFLOW,OECD.STI.DEP:DSD_ICT_HH_IND@DF_IND(1.0),ICT Access and Usage by Individuals,I,KOR,Korea,A,Annual,C5B_I,Individuals using the Internet - last 3 m,PT_POP,Percentage of population,_Z,Not applicable,Y16T74,From 16 to 74 years,_T,Total,_T,Total,_T,Total,STUD,Students,2012,,100,,A,Normal value,,,,,0,Units,,,2,Two,STUD,Students aged 16-74
DATAFLOW,OECD.STI.DEP:DSD_ICT_HH_IND@DF_IND(1.0),ICT Access and Usage by Individuals,I,KOR,Korea,A,Annual,C5B_I,Individuals using the Internet - last 3 m,PT_POP,Percentage of population,_Z,Not applicable,Y16T74,From 16 to 74 years,_T,Total,_T,Total,_T,Total,STUD,Students,2013,,99.92948005,,A,Normal value,,,,,0,Units,,,2,Two,STUD,Students aged 16-74
DATAFLOW,OECD.STI.DEP:DSD_ICT_HH_IND@DF_IND(1.0),ICT Access and Usage by Individuals,I,KOR,Korea,A,Annual,C5B_I,Individuals using the Internet - last 3 m,PT_POP,Percentage of population,_Z,Not applicable,Y16T74,From 16 to 74 years,_T,Total,_T,Total,_T,Total,STUD,Students,2014,,99.93748817,,A,Normal value,,,,,0,Units,,,2,Two,STUD,Students aged 16-74
DATAFLOW,OECD.STI.DEP:DSD_ICT_HH_IND@DF_IND(1.0),ICT Access and Usage by Individuals,I,KOR,Korea,A,Annual,C5B_I,Individuals using the Internet - last 3 m,PT_POP,Percentage of population,_Z,Not applicable,Y16T74,From 16 to 74 years,_T,Total,_T,Total,_T,Total,STUD,Students,2015,,99.98572616,,A,Normal value,,,,,0,Units,,,2,Two,STUD,Students aged 16-74
DATAFLOW,OECD.STI.DEP:DSD_ICT_HH_IND@DF_IND(1.0),ICT Access and Usage by Individuals,I,KOR,Korea,A,Annual,C5B_I,Individuals using the Internet - last 3 m,PT_POP,Percentage of population,_Z,Not applicable,Y16T74,From 16 to 74 years,_T,Total,_T,Total,_T,Total,STUD,Students,2016,,100,,A,Normal value,,,,,0,Units,,,2,Two,STUD,Students aged 16-74
DATAFLOW,OECD.STI.DEP:DSD_ICT_HH_IND@DF_IND(1.0),ICT Access and Usage by Individuals,I,GRC,Greece,A,Annual,C5B_I,Individuals using the Internet - last 3 m,PT_POP,Percentage of population,_Z,Not applicable,Y16T74,From 16 to 74 years,_T,Total,_T,Total,_T,Total,STUD,Students,2021,,100,,A,Normal value,,,,,0,Units,,,2,Two,STUD,Students aged 16-74
DATAFLOW,OECD.STI.DEP:DSD_ICT_HH_IND@DF_IND(1.0),ICT Access and Usage by Individuals,I,GRC,Greece,A,Annual,C5B_I,Individuals using the Internet - last 3 m,PT_POP,Percentage of population,_Z,Not applicable,Y16T74,From 16 to 74 years,_T,Total,_T,Total,_T,Total,STUD,Students,2022,,98.6482,,A,Normal value,,,,,0,Units,,,2,Two,STUD,Students aged 16-74
DATAFLOW,OECD.STI.DEP:DSD_ICT_HH_IND@DF_IND(1.0),ICT Access and Usage by Individuals,I,GRC,Greece,A,Annual,C5B_I,Individuals using the Internet - last 3 m,PT_POP,Percentage of population,_Z,Not applicable,Y16T74,From 16 to 74 years,_T,Total,_T,Total,_T,Total,STUD,Students,2015,,97.7273,,A,Normal value,,,,,0,Units,,,2,Two,STUD,Students aged 16-74
DATAFLOW,OECD.STI.DEP:DSD_ICT_HH_IND@DF_IND(1.0),ICT Access and Usage by Individuals,I,GRC,Greece,A,Annual,C5B_I,Individuals using the Internet - last 3 m,PT_POP,Percentage of population,_Z,Not applicable,Y16T74,From 16 to 74 years,_T,Total,_T,Total,_T,Total,STUD,Students,2016,,98.8822,,A,Normal value,,,,,0,Units,,,2,Two,STUD,Students aged 16-74
DATAFLOW,OECD.STI.DEP:DSD_ICT_HH_IND@DF_IND(1.0),ICT Access and Usage by Individuals,I,GRC,Greece,A,Annual,C5B_I,Individuals using the Internet - last 3 m,PT_POP,Percentage of population,_Z,Not applicable,Y16T74,From 16 to 74 years,_T,Total,_T,Total,_T,Total,STUD,Students,2014,,99.4205,,A,Normal value,,,,,0,Units,,,2,Two,STUD,Students aged 16-74
DATAFLOW,OECD.STI.DEP:DSD_ICT_HH_IND@DF_IND(1.0),ICT Access and Usage by Individuals,I,GRC,Greece,A,Annual,C5B_I,Individuals using the Internet - last 3 m,PT_POP,Percentage of population,_Z,Not applicable,Y16T74,From 16 to 74 years,_T,Total,_T,Total,_T,Total,STUD,Students,2013,,96.2928,,A,Normal value,,,,,0,Units,,,2,Two,STUD,Students aged 16-74
DATAFLOW,OECD.STI.DEP:DSD_ICT_HH_IND@DF_IND(1.0),ICT Access and Usage by Individuals,I,GRC,Greece,A,Annual,C5B_I,Individuals using the Internet - last 3 m,PT_POP,Percentage of population,_Z,Not applicable,Y16T74,From 16 to 74 years,_T,Total,_T,Total,_T,Total,STUD,Students,2012,,98.4419,,A,Normal value,,,,,0,Units,,,2,Two,STUD,Students aged 16-74
DATAFLOW,OECD.STI.DEP:DSD_ICT_HH_IND@DF_IND(1.0),ICT Access and Usage by Individuals,I,GRC,Greece,A,Annual,C5B_I,Individuals using the Internet - last 3 m,PT_POP,Percentage of population,_Z,Not applicable,Y16T74,From 16 to 74 years,_T,Total,_T,Total,_T,Total,STUD,Students,2017,,99.5734,,A,Normal value,,,,,0,Units,,,2,Two,STUD,Students aged 16-74
DATAFLOW,OECD.STI.DEP:DSD_ICT_HH_IND@DF_IND(1.0),ICT Access and Usage by Individuals,I,GRC,Greece,A,Annual,C5B_I,Individuals using the Internet - last 3 m,PT_POP,Percentage of population,_Z,Not applicable,Y16T74,From 16 to 74 years,_T,Total,_T,Total,_T,Total,STUD,Students,2018,,97.8964,,A,Normal value,,,,,0,Units,,,2,Two,STUD,Students aged 16-74
DATAFLOW,OECD.STI.DEP:DSD_ICT_HH_IND@DF_IND(1.0),ICT Access and Usage by Individuals,I,GRC,Greece,A,Annual,C5B_I,Individuals using the Internet - last 3 m,PT_POP,Percentage of population,_Z,Not applicable,Y16T74,From 16 to 74 years,_T,Total,_T,Total,_T,Total,STUD,Students,2019,,99.401,,A,Normal value,,,,,0,Units,,,2,Two,STUD,Students aged 16-74
DATAFLOW,OECD.STI.DEP:DSD_ICT_HH_IND@DF_IND(1.0),ICT Access and Usage by Individuals,I,SVK,Slovak Republic,A,Annual,C5B_I,Individuals using the Internet - last 3 m,PT_POP,Percentage of population,_Z,Not applicable,Y16T74,From 16 to 74 years,_T,Total,_T,Total,_T,Total,STUD,Students,2018,,100,,A,Normal value,,,,,0,Units,,,2,Two,STUD,Students aged 16-74
DATAFLOW,OECD.STI.DEP:DSD_ICT_HH_IND@DF_IND(1.0),ICT Access and Usage by Individuals,I,SVK,Slovak Republic,A,Annual,C5B_I,Individuals using the Internet - last 3 m,PT_POP,Percentage of population,_Z,Not applicable,Y16T74,From 16 to 74 years,_T,Total,_T,Total,_T,Total,STUD,Students,2019,,99.5549,,A,Normal value,,,,,0,Units,,,2,Two,STUD,Students aged 16-74
DATAFLOW,OECD.STI.DEP:DSD_ICT_HH_IND@DF_IND(1.0),ICT Access and Usage by Individuals,I,SVK,Slovak Republic,A,Annual,C5B_I,Individuals using the Internet - last 3 m,PT_POP,Percentage of population,_Z,Not applicable,Y16T74,From 16 to 74 years,_T,Total,_T,Total,_T,Total,STUD,Students,2020,,100,,A,Normal value,,,,,0,Units,,,2,Two,STUD,Students aged 16-74
DATAFLOW,OECD.STI.DEP:DSD_ICT_HH_IND@DF_IND(1.0),ICT Access and Usage by Individuals,I,SVK,Slovak Republic,A,Annual,C5B_I,Individuals using the Internet - last 3 m,PT_POP,Percentage of population,_Z,Not applicable,Y16T74,From 16 to 74 years,_T,Total,_T,Total,_T,Total,STUD,Students,2021,,98.9933,,A,Normal value,,,,,0,Units,,,2,Two,STUD,Students aged 16-74
DATAFLOW,OECD.STI.DEP:DSD_ICT_HH_IND@DF_IND(1.0),ICT Access and Usage by Individuals,I,SVK,Slovak Republic,A,Annual,C5B_I,Individuals using the Internet - last 3 m,PT_POP,Percentage of population,_Z,Not applicable,Y16T74,From 16 to 74 years,_T,Total,_T,Total,_T,Total,STUD,Students,2022,,99.1894,,A,Normal value,,,,,0,Units,,,2,Two,STUD,Students aged 16-74
DATAFLOW,OECD.STI.DEP:DSD_ICT_HH_IND@DF_IND(1.0),ICT Access and Usage by Individuals,I,SVK,Slovak Republic,A,Annual,C5B_I,Individuals using the Internet - last 3 m,PT_POP,Percentage of population,_Z,Not applicable,Y16T74,From 16 to 74 years,_T,Total,_T,Total,_T,Total,STUD,Students,2012,,99.3566,,A,Normal value,,,,,0,Units,,,2,Two,STUD,Students aged 16-74
DATAFLOW,OECD.STI.DEP:DSD_ICT_HH_IND@DF_IND(1.0),ICT Access and Usage by Individuals,I,SVK,Slovak Republic,A,Annual,C5B_I,Individuals using the Internet - last 3 m,PT_POP,Percentage of population,_Z,Not applicable,Y16T74,From 16 to 74 years,_T,Total,_T,Total,_T,Total,STUD,Students,2013,,99.8343,,A,Normal value,,,,,0,Units,,,2,Two,STUD,Students aged 16-74
DATAFLOW,OECD.STI.DEP:DSD_ICT_HH_IND@DF_IND(1.0),ICT Access and Usage by Individuals,I,SVK,Slovak Republic,A,Annual,C5B_I,Individuals using the Internet - last 3 m,PT_POP,Percentage of population,_Z,Not applicable,Y16T74,From 16 to 74 years,_T,Total,_T,Total,_T,Total,STUD,Students,2014,,99.4647,,A,Normal value,,,,,0,Units,,,2,Two,STUD,Students aged 16-74
DATAFLOW,OECD.STI.DEP:DSD_ICT_HH_IND@DF_IND(1.0),ICT Access and Usage by Individuals,I,SVK,Slovak Republic,A,Annual,C5B_I,Individuals using the Internet - last 3 m,PT_POP,Percentage of population,_Z,Not applicable,Y16T74,From 16 to 74 years,_T,Total,_T,Total,_T,Total,STUD,Students,2015,,100,,A,Normal value,,,,,0,Units,,,2,Two,STUD,Students aged 16-74
DATAFLOW,OECD.STI.DEP:DSD_ICT_HH_IND@DF_IND(1.0),ICT Access and Usage by Individuals,I,SVK,Slovak Republic,A,Annual,C5B_I,Individuals using the Internet - last 3 m,PT_POP,Percentage of population,_Z,Not applicable,Y16T74,From 16 to 74 years,_T,Total,_T,Total,_T,Total,STUD,Students,2016,,99.7591,,A,Normal value,,,,,0,Units,,,2,Two,STUD,Students aged 16-74
DATAFLOW,OECD.STI.DEP:DSD_ICT_HH_IND@DF_IND(1.0),ICT Access and Usage by Individuals,I,FRA,France,A,Annual,C5B_I,Individuals using the Internet - last 3 m,PT_POP,Percentage of population,_Z,Not applicable,Y16T74,From 16 to 74 years,_T,Total,_T,Total,_T,Total,STUD,Students,2015,,97.85,,A,Normal value,,,,,0,Units,,,2,Two,STUD,Students aged 16-74
DATAFLOW,OECD.STI.DEP:DSD_ICT_HH_IND@DF_IND(1.0),ICT Access and Usage by Individuals,I,FRA,France,A,Annual,C5B_I,Individuals using the Internet - last 3 m,PT_POP,Percentage of population,_Z,Not applicable,Y16T74,From 16 to 74 years,_T,Total,_T,Total,_T,Total,STUD,Students,2016,,98.3412,,A,Normal value,,,,,0,Units,,,2,Two,STUD,Students aged 16-74
DATAFLOW,OECD.STI.DEP:DSD_ICT_HH_IND@DF_IND(1.0),ICT Access and Usage by Individuals,I,FRA,France,A,Annual,C5B_I,Individuals using the Internet - last 3 m,PT_POP,Percentage of population,_Z,Not applicable,Y16T74,From 16 to 74 years,_T,Total,_T,Total,_T,Total,STUD,Students,2017,,98.1235,,A,Normal value,,,,,0,Units,,,2,Two,STUD,Students aged 16-74
DATAFLOW,OECD.STI.DEP:DSD_ICT_HH_IND@DF_IND(1.0),ICT Access and Usage by Individuals,I,FRA,France,A,Annual,C5B_I,Individuals using the Internet - last 3 m,PT_POP,Percentage of population,_Z,Not applicable,Y16T74,From 16 to 74 years,_T,Total,_T,Total,_T,Total,STUD,Students,2019,,97.6498,,A,Normal value,,,,,0,Units,,,2,Two,STUD,Students aged 16-74
DATAFLOW,OECD.STI.DEP:DSD_ICT_HH_IND@DF_IND(1.0),ICT Access and Usage by Individuals,I,FRA,France,A,Annual,C5B_I,Individuals using the Internet - last 3 m,PT_POP,Percentage of population,_Z,Not applicable,Y16T74,From 16 to 74 years,_T,Total,_T,Total,_T,Total,STUD,Students,2021,,98.4025,,A,Normal value,,,,,0,Units,,,2,Two,STUD,Students aged 16-74
DATAFLOW,OECD.STI.DEP:DSD_ICT_HH_IND@DF_IND(1.0),ICT Access and Usage by Individuals,I,FRA,France,A,Annual,C5B_I,Individuals using the Internet - last 3 m,PT_POP,Percentage of population,_Z,Not applicable,Y16T74,From 16 to 74 years,_T,Total,_T,Total,_T,Total,STUD,Students,2018,,96.1309,,A,Normal value,,,,,0,Units,,,2,Two,STUD,Students aged 16-74
DATAFLOW,OECD.STI.DEP:DSD_ICT_HH_IND@DF_IND(1.0),ICT Access and Usage by Individuals,I,FRA,France,A,Annual,C5B_I,Individuals using the Internet - last 3 m,PT_POP,Percentage of population,_Z,Not applicable,Y16T74,From 16 to 74 years,_T,Total,_T,Total,_T,Total,STUD,Students,2022,,98.9064,,A,Normal value,,,,,0,Units,,,2,Two,STUD,Students aged 16-74
DATAFLOW,OECD.STI.DEP:DSD_ICT_HH_IND@DF_IND(1.0),ICT Access and Usage by Individuals,I,FRA,France,A,Annual,C5B_I,Individuals using the Internet - last 3 m,PT_POP,Percentage of population,_Z,Not applicable,Y16T74,From 16 to 74 years,_T,Total,_T,Total,_T,Total,STUD,Students,2012,,98.9627,,A,Normal value,,,,,0,Units,,,2,Two,STUD,Students aged 16-74
DATAFLOW,OECD.STI.DEP:DSD_ICT_HH_IND@DF_IND(1.0),ICT Access and Usage by Individuals,I,FRA,France,A,Annual,C5B_I,Individuals using the Internet - last 3 m,PT_POP,Percentage of population,_Z,Not applicable,Y16T74,From 16 to 74 years,_T,Total,_T,Total,_T,Total,STUD,Students,2013,,98.475,,A,Normal value,,,,,0,Units,,,2,Two,STUD,Students aged 16-74
DATAFLOW,OECD.STI.DEP:DSD_ICT_HH_IND@DF_IND(1.0),ICT Access and Usage by Individuals,I,CHL,Chile,A,Annual,C5B_I,Individuals using the Internet - last 3 m,PT_POP,Percentage of population,_Z,Not applicable,Y16T74,From 16 to 74 years,_T,Total,_T,Total,_T,Total,STUD,Students,2012,,99.62,,A,Normal value,,,,,0,Units,,,2,Two,STUD,Students aged 16-74
DATAFLOW,OECD.STI.DEP:DSD_ICT_HH_IND@DF_IND(1.0),ICT Access and Usage by Individuals,I,CHL,Chile,A,Annual,C5B_I,Individuals using the Internet - last 3 m,PT_POP,Percentage of population,_Z,Not applicable,Y16T74,From 16 to 74 years,_T,Total,_T,Total,_T,Total,STUD,Students,2013,,95.29,,A,Normal value,,,,,0,Units,,,2,Two,STUD,Students aged 16-74
DATAFLOW,OECD.STI.DEP:DSD_ICT_HH_IND@DF_IND(1.0),ICT Access and Usage by Individuals,I,CHL,Chile,A,Annual,C5B_I,Individuals using the Internet - last 3 m,PT_POP,Percentage of population,_Z,Not applicable,Y16T74,From 16 to 74 years,_T,Total,_T,Total,_T,Total,STUD,Students,2015,,97.84498866,,A,Normal value,,,,,0,Units,,,2,Two,STUD,Students aged 16-74
DATAFLOW,OECD.STI.DEP:DSD_ICT_HH_IND@DF_IND(1.0),ICT Access and Usage by Individuals,I,CHL,Chile,A,Annual,C5B_I,Individuals using the Internet - last 3 m,PT_POP,Percentage of population,_Z,Not applicable,Y16T74,From 16 to 74 years,_T,Total,_T,Total,_T,Total,STUD,Students,2016,,99.61188181,,A,Normal value,,,,,0,Units,,,2,Two,STUD,Students aged 16-74
DATAFLOW,OECD.STI.DEP:DSD_ICT_HH_IND@DF_IND(1.0),ICT Access and Usage by Individuals,I,CHL,Chile,A,Annual,C5B_I,Individuals using the Internet - last 3 m,PT_POP,Percentage of population,_Z,Not applicable,Y16T74,From 16 to 74 years,_T,Total,_T,Total,_T,Total,STUD,Students,2017,,99.58674212,,A,Normal value,,,,,0,Units,,,2,Two,STUD,Students aged 16-74
DATAFLOW,OECD.STI.DEP:DSD_ICT_HH_IND@DF_IND(1.0),ICT Access and Usage by Individuals,I,ITA,Italy,A,Annual,C5B_I,Individuals using the Internet - last 3 m,PT_POP,Percentage of population,_Z,Not applicable,Y16T74,From 16 to 74 years,_T,Total,_T,Total,_T,Total,STUD,Students,2017,,93.5574,,A,Normal value,,,,,0,Units,,,2,Two,STUD,Students aged 16-74
DATAFLOW,OECD.STI.DEP:DSD_ICT_HH_IND@DF_IND(1.0),ICT Access and Usage by Individuals,I,AUT,Austria,A,Annual,C5B_I,Individuals using the Internet - last 3 m,PT_POP,Percentage of population,_Z,Not applicable,Y16T74,From 16 to 74 years,_T,Total,_T,Total,_T,Total,STUD,Students,2012,,100,,A,Normal value,,,,,0,Units,,,2,Two,STUD,Students aged 16-74
DATAFLOW,OECD.STI.DEP:DSD_ICT_HH_IND@DF_IND(1.0),ICT Access and Usage by Individuals,I,AUT,Austria,A,Annual,C5B_I,Individuals using the Internet - last 3 m,PT_POP,Percentage of population,_Z,Not applicable,Y16T74,From 16 to 74 years,_T,Total,_T,Total,_T,Total,STUD,Students,2013,,99.8035,,A,Normal value,,,,,0,Units,,,2,Two,STUD,Students aged 16-74
DATAFLOW,OECD.STI.DEP:DSD_ICT_HH_IND@DF_IND(1.0),ICT Access and Usage by Individuals,I,ITA,Italy,A,Annual,C5B_I,Individuals using the Internet - last 3 m,PT_POP,Percentage of population,_Z,Not applicable,Y16T74,From 16 to 74 years,_T,Total,_T,Total,_T,Total,STUD,Students,2020,,93.6532,,A,Normal value,,,,,0,Units,,,2,Two,STUD,Students aged 16-74
DATAFLOW,OECD.STI.DEP:DSD_ICT_HH_IND@DF_IND(1.0),ICT Access and Usage by Individuals,I,ITA,Italy,A,Annual,C5B_I,Individuals using the Internet - last 3 m,PT_POP,Percentage of population,_Z,Not applicable,Y16T74,From 16 to 74 years,_T,Total,_T,Total,_T,Total,STUD,Students,2021,,96.9279,,A,Normal value,,,,,0,Units,,,2,Two,STUD,Students aged 16-74
DATAFLOW,OECD.STI.DEP:DSD_ICT_HH_IND@DF_IND(1.0),ICT Access and Usage by Individuals,I,ITA,Italy,A,Annual,C5B_I,Individuals using the Internet - last 3 m,PT_POP,Percentage of population,_Z,Not applicable,Y16T74,From 16 to 74 years,_T,Total,_T,Total,_T,Total,STUD,Students,2022,,97.893,,A,Normal value,,,,,0,Units,,,2,Two,STUD,Students aged 16-74
DATAFLOW,OECD.STI.DEP:DSD_ICT_HH_IND@DF_IND(1.0),ICT Access and Usage by Individuals,I,ITA,Italy,A,Annual,C5B_I,Individuals using the Internet - last 3 m,PT_POP,Percentage of population,_Z,Not applicable,Y16T74,From 16 to 74 years,_T,Total,_T,Total,_T,Total,STUD,Students,2012,,91.963,,A,Normal value,,,,,0,Units,,,2,Two,STUD,Students aged 16-74
DATAFLOW,OECD.STI.DEP:DSD_ICT_HH_IND@DF_IND(1.0),ICT Access and Usage by Individuals,I,ITA,Italy,A,Annual,C5B_I,Individuals using the Internet - last 3 m,PT_POP,Percentage of population,_Z,Not applicable,Y16T74,From 16 to 74 years,_T,Total,_T,Total,_T,Total,STUD,Students,2013,,90.9815,,A,Normal value,,,,,0,Units,,,2,Two,STUD,Students aged 16-74
DATAFLOW,OECD.STI.DEP:DSD_ICT_HH_IND@DF_IND(1.0),ICT Access and Usage by Individuals,I,ITA,Italy,A,Annual,C5B_I,Individuals using the Internet - last 3 m,PT_POP,Percentage of population,_Z,Not applicable,Y16T74,From 16 to 74 years,_T,Total,_T,Total,_T,Total,STUD,Students,2014,,91.8613,,A,Normal value,,,,,0,Units,,,2,Two,STUD,Students aged 16-74
DATAFLOW,OECD.STI.DEP:DSD_ICT_HH_IND@DF_IND(1.0),ICT Access and Usage by Individuals,I,ITA,Italy,A,Annual,C5B_I,Individuals using the Internet - last 3 m,PT_POP,Percentage of population,_Z,Not applicable,Y16T74,From 16 to 74 years,_T,Total,_T,Total,_T,Total,STUD,Students,2015,,93.0503,,A,Normal value,,,,,0,Units,,,2,Two,STUD,Students aged 16-74
DATAFLOW,OECD.STI.DEP:DSD_ICT_HH_IND@DF_IND(1.0),ICT Access and Usage by Individuals,I,CZE,Czechia,A,Annual,C5B_I,Individuals using the Internet - last 3 m,PT_POP,Percentage of population,_Z,Not applicable,Y16T74,From 16 to 74 years,_T,Total,_T,Total,_T,Total,STUD,Students,2018,,99.734,,A,Normal value,,,,,0,Units,,,2,Two,STUD,Students aged 16-74
DATAFLOW,OECD.STI.DEP:DSD_ICT_HH_IND@DF_IND(1.0),ICT Access and Usage by Individuals,I,CZE,Czechia,A,Annual,C5B_I,Individuals using the Internet - last 3 m,PT_POP,Percentage of population,_Z,Not applicable,Y16T74,From 16 to 74 years,_T,Total,_T,Total,_T,Total,STUD,Students,2019,,98.9991,,A,Normal value,,,,,0,Units,,,2,Two,STUD,Students aged 16-74
DATAFLOW,OECD.STI.DEP:DSD_ICT_HH_IND@DF_IND(1.0),ICT Access and Usage by Individuals,I,CZE,Czechia,A,Annual,C5B_I,Individuals using the Internet - last 3 m,PT_POP,Percentage of population,_Z,Not applicable,Y16T74,From 16 to 74 years,_T,Total,_T,Total,_T,Total,STUD,Students,2020,,100,,A,Normal value,,,,,0,Units,,,2,Two,STUD,Students aged 16-74
DATAFLOW,OECD.STI.DEP:DSD_ICT_HH_IND@DF_IND(1.0),ICT Access and Usage by Individuals,I,CZE,Czechia,A,Annual,C5B_I,Individuals using the Internet - last 3 m,PT_POP,Percentage of population,_Z,Not applicable,Y16T74,From 16 to 74 years,_T,Total,_T,Total,_T,Total,STUD,Students,2021,,100,,A,Normal value,,,,,0,Units,,,2,Two,STUD,Students aged 16-74
DATAFLOW,OECD.STI.DEP:DSD_ICT_HH_IND@DF_IND(1.0),ICT Access and Usage by Individuals,I,CZE,Czechia,A,Annual,C5B_I,Individuals using the Internet - last 3 m,PT_POP,Percentage of population,_Z,Not applicable,Y16T74,From 16 to 74 years,_T,Total,_T,Total,_T,Total,STUD,Students,2022,,100,,A,Normal value,,,,,0,Units,,,2,Two,STUD,Students aged 16-74
DATAFLOW,OECD.STI.DEP:DSD_ICT_HH_IND@DF_IND(1.0),ICT Access and Usage by Individuals,I,CZE,Czechia,A,Annual,C5B_I,Individuals using the Internet - last 3 m,PT_POP,Percentage of population,_Z,Not applicable,Y16T74,From 16 to 74 years,_T,Total,_T,Total,_T,Total,STUD,Students,2012,,95.5885,,A,Normal value,,,,,0,Units,,,2,Two,STUD,Students aged 16-74
DATAFLOW,OECD.STI.DEP:DSD_ICT_HH_IND@DF_IND(1.0),ICT Access and Usage by Individuals,I,CZE,Czechia,A,Annual,C5B_I,Individuals using the Internet - last 3 m,PT_POP,Percentage of population,_Z,Not applicable,Y16T74,From 16 to 74 years,_T,Total,_T,Total,_T,Total,STUD,Students,2013,,96.3564,,A,Normal value,,,,,0,Units,,,2,Two,STUD,Students aged 16-74
DATAFLOW,OECD.STI.DEP:DSD_ICT_HH_IND@DF_IND(1.0),ICT Access and Usage by Individuals,I,CZE,Czechia,A,Annual,C5B_I,Individuals using the Internet - last 3 m,PT_POP,Percentage of population,_Z,Not applicable,Y16T74,From 16 to 74 years,_T,Total,_T,Total,_T,Total,STUD,Students,2014,,99.8796,,A,Normal value,,,,,0,Units,,,2,Two,STUD,Students aged 16-74
DATAFLOW,OECD.STI.DEP:DSD_ICT_HH_IND@DF_IND(1.0),ICT Access and Usage by Individuals,I,CZE,Czechia,A,Annual,C5B_I,Individuals using the Internet - last 3 m,PT_POP,Percentage of population,_Z,Not applicable,Y16T74,From 16 to 74 years,_T,Total,_T,Total,_T,Total,STUD,Students,2015,,98.9767,,A,Normal value,,,,,0,Units,,,2,Two,STUD,Students aged 16-74
DATAFLOW,OECD.STI.DEP:DSD_ICT_HH_IND@DF_IND(1.0),ICT Access and Usage by Individuals,I,CZE,Czechia,A,Annual,C5B_I,Individuals using the Internet - last 3 m,PT_POP,Percentage of population,_Z,Not applicable,Y16T74,From 16 to 74 years,_T,Total,_T,Total,_T,Total,STUD,Students,2016,,98.5782,,A,Normal value,,,,,0,Units,,,2,Two,STUD,Students aged 16-74
DATAFLOW,OECD.STI.DEP:DSD_ICT_HH_IND@DF_IND(1.0),ICT Access and Usage by Individuals,I,EST,Estonia,A,Annual,C5B_I,Individuals using the Internet - last 3 m,PT_POP,Percentage of population,_Z,Not applicable,Y16T74,From 16 to 74 years,_T,Total,_T,Total,_T,Total,STUD,Students,2018,,99.6162,,A,Normal value,,,,,0,Units,,,2,Two,STUD,Students aged 16-74
DATAFLOW,OECD.STI.DEP:DSD_ICT_HH_IND@DF_IND(1.0),ICT Access and Usage by Individuals,I,EST,Estonia,A,Annual,C5B_I,Individuals using the Internet - last 3 m,PT_POP,Percentage of population,_Z,Not applicable,Y16T74,From 16 to 74 years,_T,Total,_T,Total,_T,Total,STUD,Students,2019,,99.4439,,A,Normal value,,,,,0,Units,,,2,Two,STUD,Students aged 16-74
DATAFLOW,OECD.STI.DEP:DSD_ICT_HH_IND@DF_IND(1.0),ICT Access and Usage by Individuals,I,EST,Estonia,A,Annual,C5B_I,Individuals using the Internet - last 3 m,PT_POP,Percentage of population,_Z,Not applicable,Y16T74,From 16 to 74 years,_T,Total,_T,Total,_T,Total,STUD,Students,2020,,99.4739,,A,Normal value,,,,,0,Units,,,2,Two,STUD,Students aged 16-74
DATAFLOW,OECD.STI.DEP:DSD_ICT_HH_IND@DF_IND(1.0),ICT Access and Usage by Individuals,I,EST,Estonia,A,Annual,C5B_I,Individuals using the Internet - last 3 m,PT_POP,Percentage of population,_Z,Not applicable,Y16T74,From 16 to 74 years,_T,Total,_T,Total,_T,Total,STUD,Students,2021,,99.7256,,A,Normal value,,,,,0,Units,,,2,Two,STUD,Students aged 16-74
DATAFLOW,OECD.STI.DEP:DSD_ICT_HH_IND@DF_IND(1.0),ICT Access and Usage by Individuals,I,EST,Estonia,A,Annual,C5B_I,Individuals using the Internet - last 3 m,PT_POP,Percentage of population,_Z,Not applicable,Y16T74,From 16 to 74 years,_T,Total,_T,Total,_T,Total,STUD,Students,2022,,99.1776,,A,Normal value,,,,,0,Units,,,2,Two,STUD,Students aged 16-74
DATAFLOW,OECD.STI.DEP:DSD_ICT_HH_IND@DF_IND(1.0),ICT Access and Usage by Individuals,I,EST,Estonia,A,Annual,C5B_I,Individuals using the Internet - last 3 m,PT_POP,Percentage of population,_Z,Not applicable,Y16T74,From 16 to 74 years,_T,Total,_T,Total,_T,Total,STUD,Students,2014,,100,,B,Time series break,,,,,0,Units,,,2,Two,STUD,Students aged 16-74
DATAFLOW,OECD.STI.DEP:DSD_ICT_HH_IND@DF_IND(1.0),ICT Access and Usage by Individuals,I,EST,Estonia,A,Annual,C5B_I,Individuals using the Internet - last 3 m,PT_POP,Percentage of population,_Z,Not applicable,Y16T74,From 16 to 74 years,_T,Total,_T,Total,_T,Total,STUD,Students,2012,,99.6445,,A,Normal value,,,,,0,Units,,,2,Two,STUD,Students aged 16-74
DATAFLOW,OECD.STI.DEP:DSD_ICT_HH_IND@DF_IND(1.0),ICT Access and Usage by Individuals,I,EST,Estonia,A,Annual,C5B_I,Individuals using the Internet - last 3 m,PT_POP,Percentage of population,_Z,Not applicable,Y16T74,From 16 to 74 years,_T,Total,_T,Total,_T,Total,STUD,Students,2013,,99.1811,,A,Normal value,,,,,0,Units,,,2,Two,STUD,Students aged 16-74
DATAFLOW,OECD.STI.DEP:DSD_ICT_HH_IND@DF_IND(1.0),ICT Access and Usage by Individuals,I,EST,Estonia,A,Annual,C5B_I,Individuals using the Internet - last 3 m,PT_POP,Percentage of population,_Z,Not applicable,Y16T74,From 16 to 74 years,_T,Total,_T,Total,_T,Total,STUD,Students,2015,,100,,A,Normal value,,,,,0,Units,,,2,Two,STUD,Students aged 16-74
DATAFLOW,OECD.STI.DEP:DSD_ICT_HH_IND@DF_IND(1.0),ICT Access and Usage by Individuals,I,EST,Estonia,A,Annual,C5B_I,Individuals using the Internet - last 3 m,PT_POP,Percentage of population,_Z,Not applicable,Y16T74,From 16 to 74 years,_T,Total,_T,Total,_T,Total,STUD,Students,2016,,100,,A,Normal value,,,,,0,Units,,,2,Two,STUD,Students aged 16-74
DATAFLOW,OECD.STI.DEP:DSD_ICT_HH_IND@DF_IND(1.0),ICT Access and Usage by Individuals,I,GBR,United Kingdom,A,Annual,C5B_I,Individuals using the Internet - last 3 m,PT_POP,Percentage of population,_Z,Not applicable,Y16T74,From 16 to 74 years,_T,Total,_T,Total,_T,Total,STUD,Students,2014,,99.2819,,A,Normal value,,,,,0,Units,,,2,Two,STUD,Students aged 16-74
DATAFLOW,OECD.STI.DEP:DSD_ICT_HH_IND@DF_IND(1.0),ICT Access and Usage by Individuals,I,GBR,United Kingdom,A,Annual,C5B_I,Individuals using the Internet - last 3 m,PT_POP,Percentage of population,_Z,Not applicable,Y16T74,From 16 to 74 years,_T,Total,_T,Total,_T,Total,STUD,Students,2015,,99.2466,,A,Normal value,,,,,0,Units,,,2,Two,STUD,Students aged 16-74
DATAFLOW,OECD.STI.DEP:DSD_ICT_HH_IND@DF_IND(1.0),ICT Access and Usage by Individuals,I,GBR,United Kingdom,A,Annual,C5B_I,Individuals using the Internet - last 3 m,PT_POP,Percentage of population,_Z,Not applicable,Y16T74,From 16 to 74 years,_T,Total,_T,Total,_T,Total,STUD,Students,2016,,98.4139,,A,Normal value,,,,,0,Units,,,2,Two,STUD,Students aged 16-74
DATAFLOW,OECD.STI.DEP:DSD_ICT_HH_IND@DF_IND(1.0),ICT Access and Usage by Individuals,I,GBR,United Kingdom,A,Annual,C5B_I,Individuals using the Internet - last 3 m,PT_POP,Percentage of population,_Z,Not applicable,Y16T74,From 16 to 74 years,_T,Total,_T,Total,_T,Total,STUD,Students,2017,,97.5003,,A,Normal value,,,,,0,Units,,,2,Two,STUD,Students aged 16-74
DATAFLOW,OECD.STI.DEP:DSD_ICT_HH_IND@DF_IND(1.0),ICT Access and Usage by Individuals,I,GBR,United Kingdom,A,Annual,C5B_I,Individuals using the Internet - last 3 m,PT_POP,Percentage of population,_Z,Not applicable,Y16T74,From 16 to 74 years,_T,Total,_T,Total,_T,Total,STUD,Students,2019,,100,,A,Normal value,,,,,0,Units,,,2,Two,STUD,Students aged 16-74
DATAFLOW,OECD.STI.DEP:DSD_ICT_HH_IND@DF_IND(1.0),ICT Access and Usage by Individuals,I,GBR,United Kingdom,A,Annual,C5B_I,Individuals using the Internet - last 3 m,PT_POP,Percentage of population,_Z,Not applicable,Y16T74,From 16 to 74 years,_T,Total,_T,Total,_T,Total,STUD,Students,2020,,100,,U,Low reliability,,,,,0,Units,,,2,Two,STUD,Students aged 16-74
DATAFLOW,OECD.STI.DEP:DSD_ICT_HH_IND@DF_IND(1.0),ICT Access and Usage by Individuals,I,GBR,United Kingdom,A,Annual,C5B_I,Individuals using the Internet - last 3 m,PT_POP,Percentage of population,_Z,Not applicable,Y16T74,From 16 to 74 years,_T,Total,_T,Total,_T,Total,STUD,Students,2018,,100,,U,Low reliability,,,,,0,Units,,,2,Two,STUD,Students aged 16-74
DATAFLOW,OECD.STI.DEP:DSD_ICT_HH_IND@DF_IND(1.0),ICT Access and Usage by Individuals,I,GBR,United Kingdom,A,Annual,C5B_I,Individuals using the Internet - last 3 m,PT_POP,Percentage of population,_Z,Not applicable,Y16T74,From 16 to 74 years,_T,Total,_T,Total,_T,Total,STUD,Students,2012,,99.1262,,A,Normal value,,,,,0,Units,,,2,Two,STUD,Students aged 16-74
DATAFLOW,OECD.STI.DEP:DSD_ICT_HH_IND@DF_IND(1.0),ICT Access and Usage by Individuals,I,SWE,Sweden,A,Annual,C5B_I,Individuals using the Internet - last 3 m,PT_POP,Percentage of population,_Z,Not applicable,Y16T74,From 16 to 74 years,_T,Total,_T,Total,_T,Total,STUD,Students,2018,,94.3314,,A,Normal value,,,,,0,Units,,,2,Two,STUD,Students aged 16-74
DATAFLOW,OECD.STI.DEP:DSD_ICT_HH_IND@DF_IND(1.0),ICT Access and Usage by Individuals,I,SWE,Sweden,A,Annual,C5B_I,Individuals using the Internet - last 3 m,PT_POP,Percentage of population,_Z,Not applicable,Y16T74,From 16 to 74 years,_T,Total,_T,Total,_T,Total,STUD,Students,2019,,100,,A,Normal value,,,,,0,Units,,,2,Two,STUD,Students aged 16-74
DATAFLOW,OECD.STI.DEP:DSD_ICT_HH_IND@DF_IND(1.0),ICT Access and Usage by Individuals,I,SWE,Sweden,A,Annual,C5B_I,Individuals using the Internet - last 3 m,PT_POP,Percentage of population,_Z,Not applicable,Y16T74,From 16 to 74 years,_T,Total,_T,Total,_T,Total,STUD,Students,2020,,98.5926,,A,Normal value,,,,,0,Units,,,2,Two,STUD,Students aged 16-74
DATAFLOW,OECD.STI.DEP:DSD_ICT_HH_IND@DF_IND(1.0),ICT Access and Usage by Individuals,I,SWE,Sweden,A,Annual,C5B_I,Individuals using the Internet - last 3 m,PT_POP,Percentage of population,_Z,Not applicable,Y16T74,From 16 to 74 years,_T,Total,_T,Total,_T,Total,STUD,Students,2021,,99.6199,,A,Normal value,,,,,0,Units,,,2,Two,STUD,Students aged 16-74
DATAFLOW,OECD.STI.DEP:DSD_ICT_HH_IND@DF_IND(1.0),ICT Access and Usage by Individuals,I,SWE,Sweden,A,Annual,C5B_I,Individuals using the Internet - last 3 m,PT_POP,Percentage of population,_Z,Not applicable,Y16T74,From 16 to 74 years,_T,Total,_T,Total,_T,Total,STUD,Students,2022,,96.9291,,A,Normal value,,,,,0,Units,,,2,Two,STUD,Students aged 16-74
DATAFLOW,OECD.STI.DEP:DSD_ICT_HH_IND@DF_IND(1.0),ICT Access and Usage by Individuals,I,SWE,Sweden,A,Annual,C5B_I,Individuals using the Internet - last 3 m,PT_POP,Percentage of population,_Z,Not applicable,Y16T74,From 16 to 74 years,_T,Total,_T,Total,_T,Total,STUD,Students,2016,,90.9693,,B,Time series break,,,,,0,Units,,,2,Two,STUD,Students aged 16-74
DATAFLOW,OECD.STI.DEP:DSD_ICT_HH_IND@DF_IND(1.0),ICT Access and Usage by Individuals,I,SWE,Sweden,A,Annual,C5B_I,Individuals using the Internet - last 3 m,PT_POP,Percentage of population,_Z,Not applicable,Y16T74,From 16 to 74 years,_T,Total,_T,Total,_T,Total,STUD,Students,2012,,98.1854,,A,Normal value,,,,,0,Units,,,2,Two,STUD,Students aged 16-74
DATAFLOW,OECD.STI.DEP:DSD_ICT_HH_IND@DF_IND(1.0),ICT Access and Usage by Individuals,I,SWE,Sweden,A,Annual,C5B_I,Individuals using the Internet - last 3 m,PT_POP,Percentage of population,_Z,Not applicable,Y16T74,From 16 to 74 years,_T,Total,_T,Total,_T,Total,STUD,Students,2013,,100,,A,Normal value,,,,,0,Units,,,2,Two,STUD,Students aged 16-74
DATAFLOW,OECD.STI.DEP:DSD_ICT_HH_IND@DF_IND(1.0),ICT Access and Usage by Individuals,I,SWE,Sweden,A,Annual,C5B_I,Individuals using the Internet - last 3 m,PT_POP,Percentage of population,_Z,Not applicable,Y16T74,From 16 to 74 years,_T,Total,_T,Total,_T,Total,STUD,Students,2014,,96.0824,,A,Normal value,,,,,0,Units,,,2,Two,STUD,Students aged 16-74
DATAFLOW,OECD.STI.DEP:DSD_ICT_HH_IND@DF_IND(1.0),ICT Access and Usage by Individuals,I,SWE,Sweden,A,Annual,C5B_I,Individuals using the Internet - last 3 m,PT_POP,Percentage of population,_Z,Not applicable,Y16T74,From 16 to 74 years,_T,Total,_T,Total,_T,Total,STUD,Students,2015,,98.2401,,A,Normal value,,,,,0,Units,,,2,Two,STUD,Students aged 16-74
DATAFLOW,OECD.STI.DEP:DSD_ICT_HH_IND@DF_IND(1.0),ICT Access and Usage by Individuals,I,DEU,Germany,A,Annual,C5B_I,Individuals using the Internet - last 3 m,PT_POP,Percentage of population,_Z,Not applicable,Y16T74,From 16 to 74 years,_T,Total,_T,Total,_T,Total,STUD,Students,2017,,99.37,,A,Normal value,,,,,0,Units,,,2,Two,STUD,Students aged 16-74
DATAFLOW,OECD.STI.DEP:DSD_ICT_HH_IND@DF_IND(1.0),ICT Access and Usage by Individuals,I,DEU,Germany,A,Annual,C5B_I,Individuals using the Internet - last 3 m,PT_POP,Percentage of population,_Z,Not applicable,Y16T74,From 16 to 74 years,_T,Total,_T,Total,_T,Total,STUD,Students,2018,,99.6227,,A,Normal value,,,,,0,Units,,,2,Two,STUD,Students aged 16-74
DATAFLOW,OECD.STI.DEP:DSD_ICT_HH_IND@DF_IND(1.0),ICT Access and Usage by Individuals,I,DEU,Germany,A,Annual,C5B_I,Individuals using the Internet - last 3 m,PT_POP,Percentage of population,_Z,Not applicable,Y16T74,From 16 to 74 years,_T,Total,_T,Total,_T,Total,STUD,Students,2019,,99.4621,,A,Normal value,,,,,0,Units,,,2,Two,STUD,Students aged 16-74
DATAFLOW,OECD.STI.DEP:DSD_ICT_HH_IND@DF_IND(1.0),ICT Access and Usage by Individuals,I,DEU,Germany,A,Annual,C5B_I,Individuals using the Internet - last 3 m,PT_POP,Percentage of population,_Z,Not applicable,Y16T74,From 16 to 74 years,_T,Total,_T,Total,_T,Total,STUD,Students,2020,,99.2505,,A,Normal value,,,,,0,Units,,,2,Two,STUD,Students aged 16-74
DATAFLOW,OECD.STI.DEP:DSD_ICT_HH_IND@DF_IND(1.0),ICT Access and Usage by Individuals,I,DEU,Germany,A,Annual,C5B_I,Individuals using the Internet - last 3 m,PT_POP,Percentage of population,_Z,Not applicable,Y16T74,From 16 to 74 years,_T,Total,_T,Total,_T,Total,STUD,Students,2022,,97.5763,,A,Normal value,,,,,0,Units,,,2,Two,STUD,Students aged 16-74
DATAFLOW,OECD.STI.DEP:DSD_ICT_HH_IND@DF_IND(1.0),ICT Access and Usage by Individuals,I,DEU,Germany,A,Annual,C5B_I,Individuals using the Internet - last 3 m,PT_POP,Percentage of population,_Z,Not applicable,Y16T74,From 16 to 74 years,_T,Total,_T,Total,_T,Total,STUD,Students,2021,,98.4924,,B,Time series break,,,,,0,Units,,,2,Two,STUD,Students aged 16-74
DATAFLOW,OECD.STI.DEP:DSD_ICT_HH_IND@DF_IND(1.0),ICT Access and Usage by Individuals,I,DEU,Germany,A,Annual,C5B_I,Individuals using the Internet - last 3 m,PT_POP,Percentage of population,_Z,Not applicable,Y16T74,From 16 to 74 years,_T,Total,_T,Total,_T,Total,STUD,Students,2012,,99.2189,,A,Normal value,,,,,0,Units,,,2,Two,STUD,Students aged 16-74
DATAFLOW,OECD.STI.DEP:DSD_ICT_HH_IND@DF_IND(1.0),ICT Access and Usage by Individuals,I,DEU,Germany,A,Annual,C5B_I,Individuals using the Internet - last 3 m,PT_POP,Percentage of population,_Z,Not applicable,Y16T74,From 16 to 74 years,_T,Total,_T,Total,_T,Total,STUD,Students,2013,,99.2881,,A,Normal value,,,,,0,Units,,,2,Two,STUD,Students aged 16-74
DATAFLOW,OECD.STI.DEP:DSD_ICT_HH_IND@DF_IND(1.0),ICT Access and Usage by Individuals,I,DEU,Germany,A,Annual,C5B_I,Individuals using the Internet - last 3 m,PT_POP,Percentage of population,_Z,Not applicable,Y16T74,From 16 to 74 years,_T,Total,_T,Total,_T,Total,STUD,Students,2014,,99.2614,,A,Normal value,,,,,0,Units,,,2,Two,STUD,Students aged 16-74
DATAFLOW,OECD.STI.DEP:DSD_ICT_HH_IND@DF_IND(1.0),ICT Access and Usage by Individuals,I,DEU,Germany,A,Annual,C5B_I,Individuals using the Internet - last 3 m,PT_POP,Percentage of population,_Z,Not applicable,Y16T74,From 16 to 74 years,_T,Total,_T,Total,_T,Total,STUD,Students,2015,,99.2863,,A,Normal value,,,,,0,Units,,,2,Two,STUD,Students aged 16-74
DATAFLOW,OECD.STI.DEP:DSD_ICT_HH_IND@DF_IND(1.0),ICT Access and Usage by Individuals,I,LUX,Luxembourg,A,Annual,C5B_I,Individuals using the Internet - last 3 m,PT_POP,Percentage of population,_Z,Not applicable,Y16T74,From 16 to 74 years,_T,Total,_T,Total,_T,Total,STUD,Students,2022,,100,,A,Normal value,,,,,0,Units,,,2,Two,STUD,Students aged 16-74
DATAFLOW,OECD.STI.DEP:DSD_ICT_HH_IND@DF_IND(1.0),ICT Access and Usage by Individuals,I,PRT,Portugal,A,Annual,C5B_I,Individuals using the Internet - last 3 m,PT_POP,Percentage of population,_Z,Not applicable,Y16T74,From 16 to 74 years,_T,Total,_T,Total,_T,Total,STUD,Students,2017,,99.4854,,A,Normal value,,,,,0,Units,,,2,Two,STUD,Students aged 16-74
DATAFLOW,OECD.STI.DEP:DSD_ICT_HH_IND@DF_IND(1.0),ICT Access and Usage by Individuals,I,LTU,Lithuania,A,Annual,C5B_I,Individuals using the Internet - last 3 m,PT_POP,Percentage of population,_Z,Not applicable,Y16T74,From 16 to 74 years,_T,Total,_T,Total,_T,Total,STUD,Students,2017,,99.7705,,A,Normal value,,,,,0,Units,,,2,Two,STUD,Students aged 16-74
DATAFLOW,OECD.STI.DEP:DSD_ICT_HH_IND@DF_IND(1.0),ICT Access and Usage by Individuals,I,AUT,Austria,A,Annual,C5B_I,Individuals using the Internet - last 3 m,PT_POP,Percentage of population,_Z,Not applicable,Y16T74,From 16 to 74 years,_T,Total,_T,Total,_T,Total,STUD,Students,2017,,99.804,,A,Normal value,,,,,0,Units,,,2,Two,STUD,Students aged 16-74
DATAFLOW,OECD.STI.DEP:DSD_ICT_HH_IND@DF_IND(1.0),ICT Access and Usage by Individuals,I,FIN,Finland,A,Annual,C5B_I,Individuals using the Internet - last 3 m,PT_POP,Percentage of population,_Z,Not applicable,Y16T74,From 16 to 74 years,_T,Total,_T,Total,_T,Total,STUD,Students,2017,,99.6833,,A,Normal value,,,,,0,Units,,,2,Two,STUD,Students aged 16-74
DATAFLOW,OECD.STI.DEP:DSD_ICT_HH_IND@DF_IND(1.0),ICT Access and Usage by Individuals,I,NLD,Netherlands,A,Annual,C5B_I,Individuals using the Internet - last 3 m,PT_POP,Percentage of population,_Z,Not applicable,Y16T74,From 16 to 74 years,_T,Total,_T,Total,_T,Total,STUD,Students,2017,,99.6963,,A,Normal value,,,,,0,Units,,,2,Two,STUD,Students aged 16-74
DATAFLOW,OECD.STI.DEP:DSD_ICT_HH_IND@DF_IND(1.0),ICT Access and Usage by Individuals,I,DNK,Denmark,A,Annual,C5B_I,Individuals using the Internet - last 3 m,PT_POP,Percentage of population,_Z,Not applicable,Y16T74,From 16 to 74 years,_T,Total,_T,Total,_T,Total,STUD,Students,2020,,99.736,,A,Normal value,,,,,0,Units,,,2,Two,STUD,Students aged 16-74
DATAFLOW,OECD.STI.DEP:DSD_ICT_HH_IND@DF_IND(1.0),ICT Access and Usage by Individuals,I,SVN,Slovenia,A,Annual,C5B_I,Individuals using the Internet - last 3 m,PT_POP,Percentage of population,_Z,Not applicable,Y16T74,From 16 to 74 years,_T,Total,_T,Total,_T,Total,STUD,Students,2017,,98.7342,,A,Normal value,,,,,0,Units,,,2,Two,STUD,Students aged 16-74
DATAFLOW,OECD.STI.DEP:DSD_ICT_HH_IND@DF_IND(1.0),ICT Access and Usage by Individuals,I,IRL,Ireland,A,Annual,C5B_I,Individuals using the Internet - last 3 m,PT_POP,Percentage of population,_Z,Not applicable,Y16T74,From 16 to 74 years,_T,Total,_T,Total,_T,Total,STUD,Students,2013,,98.4352,,A,Normal value,,,,,0,Units,,,2,Two,STUD,Students aged 16-74
DATAFLOW,OECD.STI.DEP:DSD_ICT_HH_IND@DF_IND(1.0),ICT Access and Usage by Individuals,I,LVA,Latvia,A,Annual,C5B_I,Individuals using the Internet - last 3 m,PT_POP,Percentage of population,_Z,Not applicable,Y16T74,From 16 to 74 years,_T,Total,_T,Total,_T,Total,STUD,Students,2017,,98.6853,,A,Normal value,,,,,0,Units,,,2,Two,STUD,Students aged 16-74
DATAFLOW,OECD.STI.DEP:DSD_ICT_HH_IND@DF_IND(1.0),ICT Access and Usage by Individuals,I,ESP,Spain,A,Annual,C5B_I,Individuals using the Internet - last 3 m,PT_POP,Percentage of population,_Z,Not applicable,Y16T74,From 16 to 74 years,_T,Total,_T,Total,_T,Total,STUD,Students,2017,,99.6513,,A,Normal value,,,,,0,Units,,,2,Two,STUD,Students aged 16-74
DATAFLOW,OECD.STI.DEP:DSD_ICT_HH_IND@DF_IND(1.0),ICT Access and Usage by Individuals,I,HUN,Hungary,A,Annual,C5B_I,Individuals using the Internet - last 3 m,PT_POP,Percentage of population,_Z,Not applicable,Y16T74,From 16 to 74 years,_T,Total,_T,Total,_T,Total,STUD,Students,2012,,97.6124,,A,Normal value,,,,,0,Units,,,2,Two,STUD,Students aged 16-74
DATAFLOW,OECD.STI.DEP:DSD_ICT_HH_IND@DF_IND(1.0),ICT Access and Usage by Individuals,I,NOR,Norway,A,Annual,C5B_I,Individuals using the Internet - last 3 m,PT_POP,Percentage of population,_Z,Not applicable,Y16T74,From 16 to 74 years,_T,Total,_T,Total,_T,Total,STUD,Students,2020,,100,,A,Normal value,,,,,0,Units,,,2,Two,STUD,Students aged 16-74
DATAFLOW,OECD.STI.DEP:DSD_ICT_HH_IND@DF_IND(1.0),ICT Access and Usage by Individuals,I,KOR,Korea,A,Annual,C5B_I,Individuals using the Internet - last 3 m,PT_POP,Percentage of population,_Z,Not applicable,Y16T74,From 16 to 74 years,_T,Total,_T,Total,_T,Total,STUD,Students,2017,,99.77386817,,A,Normal value,,,,,0,Units,,,2,Two,STUD,Students aged 16-74
DATAFLOW,OECD.STI.DEP:DSD_ICT_HH_IND@DF_IND(1.0),ICT Access and Usage by Individuals,I,GRC,Greece,A,Annual,C5B_I,Individuals using the Internet - last 3 m,PT_POP,Percentage of population,_Z,Not applicable,Y16T74,From 16 to 74 years,_T,Total,_T,Total,_T,Total,STUD,Students,2020,,98.8495,,A,Normal value,,,,,0,Units,,,2,Two,STUD,Students aged 16-74
DATAFLOW,OECD.STI.DEP:DSD_ICT_HH_IND@DF_IND(1.0),ICT Access and Usage by Individuals,I,SVK,Slovak Republic,A,Annual,C5B_I,Individuals using the Internet - last 3 m,PT_POP,Percentage of population,_Z,Not applicable,Y16T74,From 16 to 74 years,_T,Total,_T,Total,_T,Total,STUD,Students,2017,,97.7847,,A,Normal value,,,,,0,Units,,,2,Two,STUD,Students aged 16-74
DATAFLOW,OECD.STI.DEP:DSD_ICT_HH_IND@DF_IND(1.0),ICT Access and Usage by Individuals,I,FRA,France,A,Annual,C5B_I,Individuals using the Internet - last 3 m,PT_POP,Percentage of population,_Z,Not applicable,Y16T74,From 16 to 74 years,_T,Total,_T,Total,_T,Total,STUD,Students,2014,,98.1223,,A,Normal value,,,,,0,Units,,,2,Two,STUD,Students aged 16-74
DATAFLOW,OECD.STI.DEP:DSD_ICT_HH_IND@DF_IND(1.0),ICT Access and Usage by Individuals,I,CHL,Chile,A,Annual,C5B_I,Individuals using the Internet - last 3 m,PT_POP,Percentage of population,_Z,Not applicable,Y16T74,From 16 to 74 years,_T,Total,_T,Total,_T,Total,STUD,Students,2014,,98.29146268,,B,Time series break,,,,,0,Units,,,2,Two,STUD,Students aged 16-74
DATAFLOW,OECD.STI.DEP:DSD_ICT_HH_IND@DF_IND(1.0),ICT Access and Usage by Individuals,I,ITA,Italy,A,Annual,C5B_I,Individuals using the Internet - last 3 m,PT_POP,Percentage of population,_Z,Not applicable,Y16T74,From 16 to 74 years,_T,Total,_T,Total,_T,Total,STUD,Students,2016,,93.7397,,A,Normal value,,,,,0,Units,,,2,Two,STUD,Students aged 16-74
DATAFLOW,OECD.STI.DEP:DSD_ICT_HH_IND@DF_IND(1.0),ICT Access and Usage by Individuals,I,CZE,Czechia,A,Annual,C5B_I,Individuals using the Internet - last 3 m,PT_POP,Percentage of population,_Z,Not applicable,Y16T74,From 16 to 74 years,_T,Total,_T,Total,_T,Total,STUD,Students,2017,,99.6914,,A,Normal value,,,,,0,Units,,,2,Two,STUD,Students aged 16-74
DATAFLOW,OECD.STI.DEP:DSD_ICT_HH_IND@DF_IND(1.0),ICT Access and Usage by Individuals,I,EST,Estonia,A,Annual,C5B_I,Individuals using the Internet - last 3 m,PT_POP,Percentage of population,_Z,Not applicable,Y16T74,From 16 to 74 years,_T,Total,_T,Total,_T,Total,STUD,Students,2017,,99.6613,,A,Normal value,,,,,0,Units,,,2,Two,STUD,Students aged 16-74
DATAFLOW,OECD.STI.DEP:DSD_ICT_HH_IND@DF_IND(1.0),ICT Access and Usage by Individuals,I,GBR,United Kingdom,A,Annual,C5B_I,Individuals using the Internet - last 3 m,PT_POP,Percentage of population,_Z,Not applicable,Y16T74,From 16 to 74 years,_T,Total,_T,Total,_T,Total,STUD,Students,2013,,99.2964,,A,Normal value,,,,,0,Units,,,2,Two,STUD,Students aged 16-74
DATAFLOW,OECD.STI.DEP:DSD_ICT_HH_IND@DF_IND(1.0),ICT Access and Usage by Individuals,I,SWE,Sweden,A,Annual,C5B_I,Individuals using the Internet - last 3 m,PT_POP,Percentage of population,_Z,Not applicable,Y16T74,From 16 to 74 years,_T,Total,_T,Total,_T,Total,STUD,Students,2017,,96.947,,A,Normal value,,,,,0,Units,,,2,Two,STUD,Students aged 16-74
DATAFLOW,OECD.STI.DEP:DSD_ICT_HH_IND@DF_IND(1.0),ICT Access and Usage by Individuals,I,DEU,Germany,A,Annual,C5B_I,Individuals using the Internet - last 3 m,PT_POP,Percentage of population,_Z,Not applicable,Y16T74,From 16 to 74 years,_T,Total,_T,Total,_T,Total,STUD,Students,2016,,99.6,,A,Normal value,,,,,0,Units,,,2,Two,STUD,Students aged 16-74
DATAFLOW,OECD.STI.DEP:DSD_ICT_HH_IND@DF_IND(1.0),ICT Access and Usage by Individuals,I,IRL,Ireland,A,Annual,C5B_I,Individuals using the Internet - last 3 m,PT_POP,Percentage of population,_Z,Not applicable,Y16T74,From 16 to 74 years,_T,Total,_T,Total,_T,Total,STUD,Students,2015,,99.2916,,A,Normal value,,,,,0,Units,,,2,Two,STUD,Students aged 16-74
